song_key,song,artist,entry_date,exit_date,days_on_playlist,peak_position,peak_date,entry_to_peak_days,reentry_count,avg_position,rank_volatility,retention_stability_index,entry_popularity,peak_popularity,exit_popularity,album_type,is_explicit,duration_ms,total_tracks
0 confianza | rvfv,0 CONFIANZA,Rvfv,2025-06-02,2025-06-23,20,23,2025-06-07,5,1,29.65,5.52,0.1535,35.0,57.0,62.0,album,False,217500,20
"1 de enero, puntacana | rels b","1 de Enero, Puntacana",Rels B,2025-04-28,2025-04-28,1,45,2025-04-28,0,0,45.0,0.0,1.0,65.0,65.0,65.0,album,False,95000,13
1000cosas | lola indigo & manuel turizo,1000COSAS,Lola Indigo & Manuel Turizo,2025-03-10,2025-11-13,245,3,2025-03-10,0,4,20.43,9.57,0.0946,65.0,65.0,72.0,single,False,239482,1
100xciento | foreign teck & eladio carrion & de la ghetto,100xCiento,Foreign Teck & Eladio Carrion & De La Ghetto,2025-04-30,2025-05-15,11,13,2025-05-11,11,3,28.18,8.66,0.1035,72.0,75.0,75.0,single,True,219682,1
14 febreros | quevedo,14 FEBREROS,Quevedo,2025-11-24,2025-11-27,4,9,2025-11-24,0,0,13.5,2.87,0.2582,63.0,63.0,68.0,album,True,172422,18
2am | sebastian yatra & bad gyal,2AM,Sebastian Yatra & Bad Gyal,2025-11-24,2025-11-27,4,31,2025-11-27,3,0,39.5,5.72,0.1487,55.0,64.0,64.0,single,False,196426,1
2xll | jc reyes & yovngchimi & slayter,2xLL,JC Reyes & YOVNGCHIMI & Slayter,2025-07-12,2025-08-09,26,35,2025-07-23,11,1,40.77,5.42,0.1559,61.0,69.0,71.0,single,False,178909,1
3 caídas | saiko,3 CAÍDAS,SAIKO,2025-04-28,2025-05-05,8,13,2025-04-28,0,0,30.75,10.99,0.0834,61.0,61.0,69.0,album,False,251565,16
4 prez | cruz cafuné,4 PREZ,Cruz Cafuné,2024-05-28,2024-05-29,2,35,2024-05-28,0,0,40.5,5.5,0.1538,53.0,53.0,56.0,album,True,149484,23
4to 23 | aitana,4TO 23,Aitana,2025-07-07,2025-07-16,9,17,2025-07-07,0,1,35.0,11.19,0.0821,58.0,58.0,69.0,single,False,168320,1
50 palos | feid,50 PALOS,Feid,2024-12-02,2024-12-02,1,38,2024-12-02,0,0,38.0,0.0,1.0,0.0,0.0,0.0,album,True,167240,10
57 | karol g & feid & dfzm,57,KAROL G & Feid & DFZM,2025-11-10,2025-11-27,18,8,2025-11-10,0,0,17.83,11.5,0.08,69.0,69.0,85.0,single,True,298130,1
58 | jhayco,58,JHAYCO,2025-09-08,2025-09-18,8,35,2025-09-08,0,2,44.0,4.12,0.1952,56.0,56.0,68.0,album,False,287586,29
69 | nicky jam & feid,69,Nicky Jam & Feid,2024-05-21,2024-06-30,41,22,2024-05-31,10,0,36.05,7.91,0.1123,67.0,82.0,87.0,single,True,221935,1
a 300 | jc reyes & pedro calderon,A 300,JC Reyes & Pedro Calderon,2024-08-06,2025-01-05,148,15,2025-01-05,152,1,29.06,7.82,0.1134,73.0,77.0,77.0,single,False,169208,1
a 300 | jc reyes & pedro calderon & blacknife,A 300,JC Reyes & Pedro Calderon & Blacknife,2025-01-06,2025-04-24,107,11,2025-01-14,8,2,20.71,5.36,0.1572,77.0,78.0,76.0,single,False,169208,1
a new star (2 0 2 4) | rels b,a new star (2 0 2 4),Rels B,2025-05-09,2025-05-30,16,32,2025-05-16,7,2,40.56,5.52,0.1533,74.0,75.0,76.0,album,True,142235,13
acho pr | bad bunny,ACHO PR,Bad Bunny,2024-10-14,2024-10-20,7,15,2024-10-14,0,0,30.43,12.13,0.0762,0.0,0.0,85.0,album,True,359647,22
acróstico | shakira,Acróstico,Shakira,2024-05-18,2024-07-09,53,1,2024-05-19,1,0,18.34,15.55,0.0604,81.0,83.0,92.0,single,False,170785,1
adivino | myke towers,ADIVINO,Myke Towers,2025-08-24,2025-11-16,85,10,2025-08-24,0,0,31.75,8.6,0.1042,0.0,0.0,74.0,album,True,278644,20
adivino | myke towers & bad bunny,ADIVINO,Myke Towers & Bad Bunny,2025-04-28,2025-08-23,116,1,2025-04-28,0,2,9.82,6.98,0.1253,77.0,77.0,87.0,single,True,278644,1
akureyri | aitana & sebastian yatra,Akureyri,Aitana & Sebastian Yatra,2025-04-28,2025-06-01,34,10,2025-04-28,0,1,27.88,11.41,0.0806,64.0,64.0,76.0,single,False,194400,1
alakran | feid,ALAKRAN,Feid,2024-12-02,2024-12-05,3,24,2024-12-02,0,1,39.33,10.87,0.0842,0.0,0.0,73.0,album,False,90613,10
alegría | tiago pzk,Alegría,Tiago PZK,2025-09-28,2025-10-05,8,8,2025-10-02,4,0,20.0,16.33,0.0577,73.0,73.0,74.0,album,False,165054,14
all i want for christmas is you | mariah carey,All I Want for Christmas Is You,Mariah Carey,2024-12-03,2025-01-02,20,1,2024-12-25,22,3,32.95,15.25,0.0615,95.0,100.0,100.0,album,False,241106,10
alucin | eugenio esquivel & grupo marca registrada & sebastian esquivel,Alucin,Eugenio Esquivel & Grupo Marca Registrada & Sebastian Esquivel,2025-01-13,2025-04-05,35,21,2025-03-22,68,7,39.49,6.61,0.1314,89.0,88.0,87.0,single,True,197114,1
amanece | anuel aa & haze,Amanece,Anuel AA & Haze,2024-05-25,2025-07-06,15,47,2024-06-23,29,2,48.53,1.02,0.494,84.0,85.0,81.0,single,False,190004,1
amaneció | quevedo,AMANECIÓ,Quevedo,2025-11-24,2025-11-27,4,13,2025-11-24,0,0,17.0,2.35,0.2989,62.0,62.0,68.0,album,False,255333,18
amar de nuevo | rauw alejandro,Amar De Nuevo,Rauw Alejandro,2025-11-17,2025-11-17,1,45,2025-11-17,0,0,45.0,0.0,1.0,64.0,64.0,64.0,album,True,268042,18
amargura | karol g,AMARGURA,KAROL G,2024-05-26,2025-10-31,153,16,2025-07-26,426,4,32.76,9.56,0.0947,85.0,87.0,85.0,album,True,170480,17
andando | morad,Andando,Morad,2024-05-18,2024-06-03,17,34,2024-05-19,1,0,41.18,3.36,0.2291,67.0,69.0,76.0,album,True,261713,19
antes | rvfv & edu garcía,Antes,Rvfv & Edu García,2024-05-18,2024-07-22,58,29,2024-05-18,0,2,42.0,5.43,0.1556,79.0,79.0,78.0,single,False,153684,1
antidepresivos | saiko,Antidepresivos,Saiko,2024-08-06,2024-12-19,136,13,2024-08-06,0,0,29.78,9.89,0.0918,64.0,64.0,76.0,single,False,145384,1
apaga el cel | floyymenor,APAGA EL CEL,FloyyMenor,2025-08-10,2025-09-04,14,22,2025-08-10,0,2,38.57,9.31,0.097,6.0,6.0,72.0,album,True,184806,7
apaga el cel | floyymenor & lewis somes,APAGA EL CEL,FloyyMenor & Lewis Somes,2025-05-26,2025-08-09,75,7,2025-06-12,17,1,18.76,7.31,0.1203,74.0,78.0,87.0,single,True,184806,1
apt. | rosé & bruno mars,APT.,ROSÉ & Bruno Mars,2025-10-23,2025-11-01,7,42,2025-10-30,7,1,44.43,1.59,0.386,88.0,95.0,96.0,single,False,169917,1
aqyne | aitana,AQYNE,Aitana,2024-09-27,2024-09-29,3,40,2024-09-28,1,0,40.33,0.47,0.6796,71.0,73.0,73.0,album,False,181426,15
arena y sal | omar montes & saiko & tunvao,Arena y Sal,Omar Montes & Saiko & Tunvao,2024-05-21,2025-01-20,242,3,2024-08-06,77,1,20.02,12.44,0.0744,59.0,85.0,77.0,single,False,174415,1
arranca (feat. omega) | becky g & omega,Arranca (feat. Omega),Becky G & Omega,2024-05-18,2024-07-25,69,38,2024-05-18,0,0,44.22,3.21,0.2374,82.0,82.0,86.0,single,False,166529,1
asi es la vida | enrique iglesias & maria becerra,ASI ES LA VIDA,Enrique Iglesias & Maria Becerra,2024-11-22,2025-03-23,67,38,2025-01-31,70,6,45.06,3.45,0.2249,83.0,83.0,81.0,single,False,172095,1
attitude (feat. charlie wilson & cash cobain) | don toliver,ATTITUDE (FEAT. CHARLIE WILSON & CASH COBAIN),Don Toliver,2025-06-21,2025-06-21,1,46,2025-06-21,0,0,46.0,0.0,1.0,69.0,69.0,69.0,album,True,161053,16
aunque llegue otro (feat. jay wheeler) | myke towers,AUNQUE LLEGUE OTRO (feat. Jay Wheeler),Myke Towers,2025-08-24,2025-08-24,1,23,2025-08-24,0,0,23.0,0.0,1.0,0.0,0.0,0.0,album,True,197800,20
ayer y hoy | mora,AYER Y HOY,Mora,2024-08-30,2024-08-31,2,23,2024-08-30,0,0,34.5,11.5,0.08,0.0,0.0,69.0,album,True,317016,15
ayer | dellafuente,Ayer,DELLAFUENTE,2025-06-16,2025-06-18,2,37,2025-06-16,0,1,43.0,6.0,0.1429,30.0,30.0,50.0,album,False,155700,10
baby hello | rauw alejandro,BABY HELLO,Rauw Alejandro,2024-07-09,2025-04-19,282,3,2024-07-09,0,3,23.28,13.98,0.0668,0.0,0.0,74.0,album,True,222461,14
baby hello | rauw alejandro & bizarrap,BABY HELLO,Rauw Alejandro & Bizarrap,2024-06-25,2024-07-08,14,2,2024-06-28,3,0,2.57,0.73,0.5786,71.0,81.0,89.0,single,True,222461,1
baby nueva | bad bunny,BABY NUEVA,Bad Bunny,2024-10-14,2024-10-28,15,12,2024-10-14,0,0,31.67,12.78,0.0725,0.0,0.0,90.0,album,True,240773,22
bad boy | chris jedi & gaby music & dei v,BAD BOY,Chris Jedi & Gaby Music & Dei V,2025-02-11,2025-03-10,28,16,2025-02-11,0,0,25.17,5.95,0.1439,58.0,58.0,77.0,single,True,235146,1
badgyal | saiko,BADGYAL,SAIKO,2025-04-28,2025-11-23,208,1,2025-05-01,3,2,10.85,9.62,0.0942,65.0,73.0,74.0,album,True,253962,16
bailando bachata | chayanne,Bailando Bachata,Chayanne,2025-05-13,2025-06-02,9,45,2025-06-01,19,1,48.11,1.52,0.3963,77.0,78.0,78.0,album,False,170809,9
baja pa' acá | rauw alejandro,Baja Pa' Acá,Rauw Alejandro,2025-11-17,2025-11-20,4,22,2025-11-17,0,0,40.0,10.68,0.0856,66.0,66.0,72.0,album,True,200000,18
bandidona | saiko,Bandidona,Saiko,2024-10-29,2024-11-10,13,20,2024-10-29,0,0,32.23,10.12,0.09,39.0,39.0,74.0,single,False,160941,1
bandit | don toliver,BANDIT,Don Toliver,2025-06-21,2025-06-21,1,27,2025-06-21,0,0,27.0,0.0,1.0,69.0,69.0,69.0,album,True,147706,16
barro | duki,Barro,Duki,2025-10-20,2025-10-20,1,40,2025-10-20,0,0,40.0,0.0,1.0,60.0,60.0,60.0,single,False,201052,1
baticano | bad bunny,BATICANO,Bad Bunny,2024-10-14,2024-10-18,5,23,2024-10-14,0,0,32.6,7.84,0.1131,0.0,0.0,83.0,album,True,256000,22
bby boo - remix | izaak & jhayco & anuel aa,BBY BOO - REMIX,iZaak & Jhayco & Anuel AA,2025-03-30,2025-07-23,115,5,2025-04-18,19,1,18.04,9.45,0.0957,63.0,83.0,83.0,single,True,275862,3
beautiful things | benson boone,Beautiful Things,Benson Boone,2025-03-13,2025-06-23,91,17,2025-04-04,22,4,39.08,8.55,0.1047,100.0,100.0,88.0,album,False,180304,15
bendecido | eladio carrion,Bendecido,Eladio Carrion,2025-01-21,2025-01-26,6,7,2025-01-21,0,0,23.0,12.75,0.0727,71.0,71.0,78.0,album,True,142736,17
"besame (feat. tiago pzk, khea & neo pistea) - remix | bhavi & seven kayne & milo j","BESAME (feat. Tiago PZK, Khea & Neo Pistea) - Remix",Bhavi & Seven Kayne & Milo j,2025-04-24,2025-05-06,11,28,2025-04-26,2,2,42.55,7.67,0.1154,80.0,82.0,85.0,single,True,284308,1
besitos bb 2.0 | el perla & omar montes & saiko,Besitos BB 2.0,El Perla & Omar Montes & SAIKO,2025-10-16,2025-10-31,11,9,2025-10-16,0,2,28.09,9.61,0.0943,61.0,61.0,67.0,single,True,233693,1
beso prohibido | beny jr,Beso Prohibido,Beny Jr,2025-09-07,2025-09-07,1,49,2025-09-07,0,0,49.0,0.0,1.0,64.0,64.0,64.0,album,False,152866,14
beso | rosalía & rauw alejandro,BESO,ROSALÍA & Rauw Alejandro,2024-05-18,2024-10-06,142,4,2024-05-18,0,0,21.93,12.12,0.0762,96.0,96.0,89.0,single,False,194543,3
besos (with kidd keo & neelo) | swaggglock & kidd keo & neelo,BESOS (with Kidd Keo & Neelo),SwaggGlock & Kidd Keo & Neelo,2024-09-14,2024-10-13,30,22,2024-09-19,5,0,32.0,6.12,0.1404,72.0,73.0,77.0,single,True,172852,1
birds of a feather | billie eilish,BIRDS OF A FEATHER,Billie Eilish,2025-06-12,2025-06-13,2,49,2025-06-12,0,0,49.0,0.0,1.0,92.0,92.0,92.0,album,False,210373,10
boreal | saiko,BOREAL,SAIKO,2025-04-28,2025-05-01,4,22,2025-04-28,0,0,35.5,8.17,0.1091,59.0,59.0,65.0,album,False,165210,16
brindis | duki,Brindis,Duki,2025-11-03,2025-11-07,3,30,2025-11-03,0,1,40.33,8.18,0.1089,62.0,62.0,70.0,album,True,180750,15
bubalu | feid,BUBALU,Feid,2024-09-30,2024-10-06,7,26,2024-09-30,0,0,36.29,7.19,0.1222,0.0,0.0,72.0,album,False,228253,15
bubalu | feid & rema,BUBALU,Feid & Rema,2024-09-24,2024-09-29,6,21,2024-09-25,1,0,30.67,9.12,0.0988,0.0,68.0,77.0,single,False,228253,1
buenas noches | quevedo,BUENAS NOCHES,Quevedo,2025-11-24,2025-11-27,4,18,2025-11-24,0,0,25.25,4.49,0.182,60.0,60.0,66.0,album,False,238883,18
buenas | quevedo & saiko,Buenas,Quevedo & Saiko,2024-09-24,2025-03-12,170,1,2024-09-24,0,0,20.41,11.84,0.0779,53.0,53.0,78.0,single,False,192954,1
buscando money | twenty six & tayson kryss,Buscando Money,TWENTY SIX & Tayson Kryss,2025-02-02,2025-04-17,73,4,2025-02-15,13,2,24.0,15.14,0.062,75.0,85.0,83.0,single,False,150000,2
buscarte lejos | duki,Buscarte Lejos,Duki,2025-11-03,2025-11-09,7,28,2025-11-06,3,0,37.57,7.78,0.1139,62.0,69.0,72.0,album,False,194447,15
caché | myke towers,CACHÉ,Myke Towers,2025-08-24,2025-08-24,1,47,2025-08-24,0,0,47.0,0.0,1.0,0.0,0.0,0.0,album,True,196906,20
cafe malibú | sech & mora & saiko,Cafe Malibú,Sech & Mora & Saiko,2024-07-23,2024-09-19,59,9,2024-07-25,2,0,27.95,7.99,0.1112,69.0,75.0,80.0,single,True,260307,1
call me maybe | duki,CALL ME MAYBE,Duki,2024-12-10,2024-12-10,1,50,2024-12-10,0,0,50.0,0.0,1.0,65.0,65.0,65.0,single,False,222401,1
cangrinaje | cruz cafuné,Cangrinaje,Cruz Cafuné,2024-05-28,2024-05-28,1,48,2024-05-28,0,0,48.0,0.0,1.0,56.0,56.0,56.0,album,True,211765,23
capri sun | b10 & kilvertz,Capri Sun,B10 & Kilvertz,2025-07-31,2025-08-14,14,34,2025-08-05,5,1,41.14,4.87,0.1704,61.0,66.0,70.0,single,False,168727,1
carita triste | ana mena & emilia,CARITA TRISTE,Ana Mena & Emilia,2025-09-01,2025-11-23,84,9,2025-09-07,6,0,30.01,11.38,0.0808,60.0,71.0,75.0,single,False,175296,1
cartera & tacos | myke towers,CARTERA & TACOS,Myke Towers,2024-11-25,2024-11-25,1,47,2024-11-25,0,0,47.0,0.0,1.0,0.0,0.0,0.0,album,True,129932,23
casanova | soolking & lola indigo & rvfv,Casanova,Soolking & Lola Indigo & Rvfv,2024-12-10,2025-05-29,168,1,2025-01-01,22,3,18.44,15.83,0.0594,60.0,80.0,74.0,single,False,243806,1
caserio | yandel & saiko,Caserio,Yandel & SAIKO,2025-03-10,2025-03-10,1,41,2025-03-10,0,0,41.0,0.0,1.0,59.0,59.0,59.0,single,True,189524,1
caída del cielo <3 | rels b,caída del cielo <3,Rels B,2025-04-28,2025-05-01,2,38,2025-04-28,0,1,43.0,5.0,0.1667,66.0,66.0,71.0,album,True,133220,13
celine (with kidd keo) | ghost killer track & kidd keo,Celine (with Kidd Keo),Ghost Killer Track & Kidd Keo,2025-10-03,2025-11-27,55,9,2025-10-18,15,1,21.47,11.3,0.0813,65.0,71.0,73.0,single,False,176017,1
cha cha cha | käärijä,Cha Cha Cha,Käärijä,2024-05-18,2024-05-20,3,37,2024-05-18,0,0,42.67,4.5,0.1819,86.0,86.0,88.0,single,False,175161,1
chapiadora.com | quevedo,CHAPIADORA.COM,Quevedo,2025-11-24,2025-11-27,4,8,2025-11-24,0,0,14.0,3.67,0.2139,63.0,63.0,68.0,album,False,197418,18
chihiro | billie eilish,CHIHIRO,Billie Eilish,2025-05-19,2025-05-25,7,39,2025-05-19,0,0,46.0,3.3,0.2328,61.0,61.0,92.0,album,False,303440,10
chorrito pa las animas | feid,CHORRITO PA LAS ANIMAS,Feid,2024-05-18,2024-06-14,28,32,2024-05-18,0,0,38.89,2.78,0.2644,91.0,91.0,91.0,single,True,168133,6
chula | jc reyes,CHULA,JC Reyes,2024-12-28,2025-01-20,8,49,2025-01-17,20,1,49.62,0.48,0.6738,69.0,73.0,73.0,single,False,152842,1
chulo pt.2 | bad gyal & tokischa & young miko,Chulo pt.2,Bad Gyal & Tokischa & Young Miko,2024-06-24,2024-10-13,87,22,2024-06-28,4,1,35.85,6.78,0.1285,64.0,75.0,91.0,single,True,219333,1
cine 🚬 | duki,Cine 🚬,Duki,2025-11-03,2025-11-03,1,42,2025-11-03,0,0,42.0,0.0,1.0,61.0,61.0,61.0,album,True,142957,15
classy 101 | feid,CLASSY 101,Feid,2024-12-02,2025-01-17,28,16,2024-12-02,0,1,41.29,8.99,0.1001,0.0,0.0,84.0,album,True,195586,10
classy 101 | feid & young miko,Classy 101,Feid & Young Miko,2024-05-18,2024-12-01,183,7,2024-05-18,0,1,20.58,11.2,0.0819,95.0,95.0,92.0,single,True,195986,1
clavaito | chanel & abraham mateo,Clavaito,Chanel & Abraham Mateo,2024-05-18,2025-01-04,153,6,2024-06-02,15,1,17.07,10.3,0.0885,78.0,81.0,75.0,single,False,162740,1
coco chanel | eladio carrion,Coco Chanel,Eladio Carrion,2024-05-18,2024-09-29,127,16,2024-05-24,6,2,29.92,9.55,0.0948,92.0,92.0,87.0,album,True,208125,18
coco loco | maluma,COCO LOCO,Maluma,2024-07-01,2024-11-26,113,9,2024-08-06,36,2,22.36,12.38,0.0747,83.0,87.0,74.0,album,False,166734,25
cohete | shakira,Cohete,Shakira,2025-03-24,2025-03-30,6,21,2025-03-24,0,1,41.33,9.72,0.0932,0.0,0.0,75.0,album,False,172503,17
colmillo | tainy,COLMILLO,Tainy,2024-10-19,2024-11-14,9,18,2024-11-10,22,1,35.67,8.65,0.1036,64.0,77.0,78.0,album,True,265999,20
columbia | quevedo,Columbia,Quevedo,2024-07-08,2025-11-02,463,1,2024-07-09,1,6,19.58,15.12,0.0621,61.0,61.0,81.0,single,False,186000,1
cometa halley | saiko,COMETA HALLEY,SAIKO,2025-04-28,2025-05-05,8,24,2025-04-28,0,0,33.88,7.54,0.1171,59.0,59.0,69.0,album,True,230549,16
committed | rauw alejandro,Committed,Rauw Alejandro,2025-11-17,2025-11-17,1,29,2025-11-17,0,0,29.0,0.0,1.0,66.0,66.0,66.0,album,True,159344,18
como camarón | estopa,Como Camarón,Estopa,2024-11-29,2025-02-21,35,32,2025-01-03,35,3,43.8,3.79,0.2086,70.0,73.0,74.0,album,False,202026,12
como suenan las estrellas | saiko,COMO SUENAN LAS ESTRELLAS,SAIKO,2025-04-28,2025-05-19,22,24,2025-04-30,2,0,36.73,7.03,0.1246,58.0,64.0,73.0,album,False,138677,16
competencia | myke towers,COMPETENCIA,Myke Towers,2025-08-24,2025-08-25,2,19,2025-08-24,0,0,34.0,15.0,0.0625,0.0,0.0,61.0,album,True,190826,20
comuna 3 | jc reyes & the rude boyz,COMUNA 3,JC Reyes & The Rude Boyz,2025-05-16,2025-05-17,2,38,2025-05-17,1,0,42.5,4.5,0.1818,61.0,61.0,61.0,single,False,154128,1
comuna 3 | jc reyes & the rudeboyz,COMUNA 3,JC Reyes & The Rudeboyz,2025-05-18,2025-09-17,120,12,2025-06-05,18,3,29.38,11.19,0.082,63.0,71.0,72.0,single,False,154128,1
conexión | cano,Conexión,Cano,2025-10-27,2025-11-14,14,27,2025-10-27,0,1,41.14,8.3,0.1076,38.0,38.0,58.0,album,False,188160,10
conexión | cano & jc reyes,Conexión,Cano & JC Reyes,2025-10-25,2025-10-26,2,40,2025-10-26,1,0,43.0,3.0,0.25,63.0,63.0,63.0,single,False,188160,1
constelación | duki,Constelación,Duki,2025-11-03,2025-11-10,8,26,2025-11-03,0,0,30.88,5.13,0.163,58.0,58.0,70.0,album,False,200631,15
constelación | duki & lia kali,Constelación,Duki & Lia Kali,2025-11-01,2025-11-02,2,29,2025-11-01,0,0,39.5,10.5,0.087,58.0,58.0,62.0,single,False,200631,1
contigo (with tiësto) | karol g & tiësto,CONTIGO (with Tiësto),KAROL G & Tiësto,2025-02-17,2025-03-24,35,13,2025-02-18,1,1,25.94,10.99,0.0834,73.0,79.0,90.0,single,False,192786,1
copa vacía | shakira & manuel turizo,Copa Vacía,Shakira & Manuel Turizo,2024-07-02,2024-07-28,27,16,2024-07-02,0,0,38.48,10.06,0.0904,74.0,74.0,88.0,single,False,173547,1
corazón roto - remix | brray & jhayco & ryan castro,Corazón Roto - Remix,Brray & Jhayco & Ryan Castro,2024-08-10,2024-09-13,33,26,2024-09-09,30,1,36.85,6.29,0.1371,86.0,87.0,87.0,single,True,275040,1
corazón roto pt. 3 | brray & anuel aa & chencho corleone,Corazón Roto pt. 3,Brray & Anuel AA & Chencho Corleone,2024-09-13,2025-02-04,104,21,2024-09-27,14,5,37.25,8.8,0.102,70.0,81.0,84.0,single,True,348400,1
corazón vacío | maria becerra,CORAZÓN VACÍO,Maria Becerra,2024-07-05,2024-10-13,101,19,2024-07-19,14,0,37.0,7.95,0.1117,85.0,90.0,87.0,single,False,160535,1
corleone | saiko,CORLEONE,Saiko,2024-12-24,2025-01-15,20,21,2024-12-24,0,1,42.25,6.98,0.1254,44.0,44.0,69.0,album,False,192000,7
corleone | saiko & yandel,CORLEONE,Saiko & Yandel,2024-12-17,2024-12-23,7,16,2024-12-21,4,0,22.71,7.26,0.121,64.0,68.0,70.0,single,False,192000,1
cosa nuestra | rauw alejandro,Cosa Nuestra,Rauw Alejandro,2025-11-17,2025-11-18,2,16,2025-11-17,0,0,30.0,14.0,0.0667,67.0,67.0,70.0,album,True,260454,18
cosas pendientes | maluma,Cosas Pendientes,Maluma,2025-11-24,2025-11-27,2,37,2025-11-27,3,1,42.5,5.5,0.1538,64.0,73.0,73.0,single,False,184462,1
cosas que no te dije | saiko,COSAS QUE NO TE DIJE,Saiko,2024-08-16,2025-04-27,253,7,2024-12-12,118,2,21.7,10.83,0.0845,72.0,83.0,81.0,single,False,224725,1
cosmeticos | myke towers,COSMETICOS,Myke Towers,2024-11-25,2024-11-29,2,33,2024-11-25,0,1,40.5,7.5,0.1176,0.0,0.0,70.0,album,True,141862,23
cruel summer | taylor swift,Cruel Summer,Taylor Swift,2025-06-01,2025-06-01,1,39,2025-06-01,0,0,39.0,0.0,1.0,94.0,94.0,94.0,album,False,178426,18
crush | sky rompiendo & dei v,CRUSH,Sky Rompiendo & Dei V,2025-04-07,2025-08-23,137,15,2025-04-27,20,2,28.5,9.8,0.0926,74.0,77.0,75.0,single,False,233333,1
cuando te vi | crossover #5 | big one & maria becerra & trueno,Cuando Te Vi | CROSSOVER #5,Big One & Maria Becerra & Trueno,2025-07-05,2025-10-28,114,11,2025-08-14,40,2,26.45,11.71,0.0787,74.0,78.0,80.0,single,True,218400,1
cupido | engel montaz & kuv507 & latinnites music,Cupido,Engel Montaz & Kuv507 & Latinnites Music,2025-04-18,2025-06-05,15,22,2025-04-23,5,3,37.07,7.99,0.1113,76.0,77.0,75.0,single,False,215000,1
cupido | tini,Cupido,TINI,2024-05-18,2024-09-12,105,17,2024-05-19,1,1,33.42,9.19,0.0981,84.0,84.0,81.0,album,False,174369,14
cybertruck | bad bunny,CYBERTRUCK,Bad Bunny,2024-10-14,2024-10-21,8,8,2024-10-14,0,0,26.5,13.87,0.0672,0.0,0.0,87.0,album,True,191959,22
cómo te atreves | morat,Cómo Te Atreves,Morat,2025-03-02,2025-03-02,1,45,2025-03-02,0,0,45.0,0.0,1.0,78.0,78.0,78.0,album,False,240560,12
córcega | mora,CÓRCEGA,Mora,2024-08-30,2024-09-02,4,17,2024-08-30,0,0,36.75,12.75,0.0727,0.0,0.0,74.0,album,True,189001,15
cúrame | rauw alejandro,Cúrame,Rauw Alejandro,2025-08-01,2025-08-16,15,41,2025-08-10,9,1,44.53,1.86,0.35,82.0,83.0,84.0,album,True,164705,14
dararí | aitana,Dararí,Aitana,2024-09-24,2024-09-29,6,13,2024-09-24,0,0,27.5,14.99,0.0626,40.0,40.0,70.0,album,False,170346,15
de plastilina | lola indigo & pepe y vizio,DE PLASTILINA,Lola Indigo & Pepe y Vizio,2024-10-21,2024-10-22,2,40,2024-10-21,0,0,45.0,5.0,0.1667,0.0,0.0,32.0,single,False,209533,1
degenere 👑 (feat. benny blanco) | myke towers,DEGENERE 👑 (feat. benny blanco),Myke Towers,2025-10-20,2025-11-27,39,1,2025-10-25,5,0,3.13,3.76,0.2099,58.0,71.0,84.0,album,True,130880,30
demo #5: nostalgia - spanglish version | flowgpt,DEMO #5: nostalgIA - Spanglish Version,FlowGPT,2024-11-08,2024-11-09,2,12,2024-11-09,1,0,16.0,4.0,0.2,39.0,45.0,45.0,single,True,220405,1
deportivo | blessd & anuel aa,DEPORTIVO,Blessd & Anuel AA,2025-11-16,2025-11-23,4,35,2025-11-23,7,1,43.5,6.65,0.1307,58.0,73.0,73.0,single,True,218701,1
desataaa | ovy on the drums & myke towers & saiko,DESATAAA,Ovy On The Drums & Myke Towers & SAIKO,2025-03-17,2025-07-09,113,6,2025-03-21,4,2,28.88,10.74,0.0852,60.0,69.0,73.0,single,True,197383,1
despechá | rosalía,DESPECHÁ,ROSALÍA,2024-05-22,2025-01-02,51,39,2024-06-12,21,8,47.02,2.96,0.2525,84.0,84.0,78.0,album,False,156787,24
después de la 1 | cris mj & floyymenor,Después De La 1,Cris Mj & FloyyMenor,2025-09-19,2025-11-23,63,11,2025-09-27,8,3,26.65,11.14,0.0824,77.0,84.0,86.0,single,True,177600,2
desquite | feid,DESQUITE,Feid,2024-12-02,2024-12-02,1,39,2024-12-02,0,0,39.0,0.0,1.0,0.0,0.0,0.0,album,False,133546,10
detrás del dj | rels b,Detrás del DJ,Rels B,2025-04-28,2025-04-28,1,39,2025-04-28,0,0,39.0,0.0,1.0,66.0,66.0,66.0,album,True,119354,13
diabla | los diozes,DIABLA,Los Diozes,2025-10-27,2025-11-20,25,17,2025-11-03,7,0,29.56,9.63,0.094,62.0,67.0,70.0,album,True,217945,8
diablita (feat. yovngchimi) | myke towers,DIABLITA (feat. YOVNGCHIMI),Myke Towers,2025-08-24,2025-09-04,9,34,2025-08-24,0,1,41.56,3.72,0.2121,0.0,0.0,70.0,album,True,185960,20
diabólica | cris mj,Diabólica,Cris Mj,2025-03-13,2025-08-19,156,14,2025-03-23,10,4,30.29,10.3,0.0885,70.0,73.0,77.0,album,True,192000,17
diamonds | mora,DIAMONDS,Mora,2024-08-30,2024-09-02,4,18,2024-08-30,0,0,34.75,11.23,0.0817,0.0,0.0,74.0,album,True,193367,15
dicelo | lianet rivero & lia & gatillo,Dicelo,Lianet Rivero & Lia & Gatillo,2024-10-20,2024-10-23,4,24,2024-10-21,1,0,28.25,2.86,0.259,52.0,54.0,66.0,single,False,153563,1
die with a smile | lady gaga & bruno mars,Die With A Smile,Lady Gaga & Bruno Mars,2025-08-31,2025-11-23,48,29,2025-11-15,76,7,40.85,6.43,0.1347,94.0,100.0,100.0,single,False,251667,1
diluvio | rauw alejandro,DILUVIO,Rauw Alejandro,2024-10-21,2025-10-14,188,3,2024-11-16,26,3,18.82,11.95,0.0772,77.0,87.0,81.0,album,True,197052,14
dinero y fama (feat. omar montes) | myke towers,DINERO y FAMA (feat. Omar Montes),Myke Towers,2025-08-24,2025-08-24,1,40,2025-08-24,0,0,40.0,0.0,1.0,0.0,0.0,0.0,album,True,215946,20
dios #1 | cruz cafuné,Dios #1,Cruz Cafuné,2024-05-28,2024-05-28,1,43,2024-05-28,0,0,43.0,0.0,1.0,56.0,56.0,56.0,album,True,200125,23
do it 4 th€ gram | cruz cafuné,do it 4 th€ gram,Cruz Cafuné,2025-07-21,2025-07-21,1,34,2025-07-21,0,0,34.0,0.0,1.0,54.0,54.0,54.0,single,True,150582,6
doblexxó | j balvin,Doblexxó,J Balvin,2025-08-10,2025-08-23,12,33,2025-08-10,0,1,43.17,4.93,0.1686,0.0,0.0,74.0,album,True,176720,15
don't lie | duki,don't liE,Duki,2024-06-25,2024-06-29,5,44,2024-06-28,3,0,48.0,2.1,0.3228,67.0,74.0,75.0,album,False,213892,14
donde se aprende a querer? | mora,DONDE SE APRENDE A QUERER?,Mora,2024-08-30,2025-02-17,152,3,2024-08-30,0,6,31.2,12.41,0.0746,0.0,0.0,83.0,album,False,144427,15
dubai | trueno & beny jr,DUBAI,Trueno & Beny Jr,2024-06-15,2024-06-22,8,47,2024-06-17,2,0,49.0,1.12,0.4721,75.0,75.0,77.0,single,False,146000,1
duro de verdad pt.2 | los sufridos,Duro De Verdad pt.2,Los Sufridos,2025-09-20,2025-09-20,1,39,2025-09-20,0,0,39.0,0.0,1.0,55.0,55.0,55.0,single,False,204303,1
duro de verdad pt.2 | los sufridos & bad gyal,Duro De Verdad pt.2,Los Sufridos & Bad Gyal,2025-09-21,2025-11-27,68,1,2025-09-27,6,0,6.51,5.81,0.1469,59.0,70.0,76.0,single,False,204303,1
duro | quevedo,DURO,Quevedo,2025-11-02,2025-11-27,26,1,2025-11-02,0,0,11.38,8.14,0.1094,66.0,66.0,67.0,single,False,162204,1
déjame entrar | rauw alejandro,Déjame Entrar,Rauw Alejandro,2025-07-25,2025-11-23,9,17,2025-11-17,115,2,37.67,10.19,0.0894,73.0,66.0,75.0,album,True,254705,18
el chacal | mora,EL CHACAL,Mora,2024-08-30,2024-09-02,4,10,2024-08-30,0,0,19.75,6.72,0.1295,0.0,0.0,76.0,album,True,197787,15
el cielo | sky rompiendo & feid & myke towers,El Cielo,Sky Rompiendo & Feid & Myke Towers,2024-06-04,2025-03-09,271,2,2024-06-10,6,4,26.42,14.57,0.0642,71.0,83.0,84.0,single,True,191320,1
el condenao | lola indigo,EL CONDENAO,Lola Indigo,2024-12-17,2025-01-04,12,35,2024-12-22,5,3,44.58,4.84,0.1713,53.0,61.0,64.0,album,False,144829,7
el conjuntito | el bobe & omar montes,El Conjuntito,El Bobe & Omar Montes,2025-03-24,2025-09-23,180,1,2025-04-09,16,4,17.29,14.02,0.0666,28.0,75.0,73.0,single,False,158711,1
el destello | juanjo bona & martin urrutia,El Destello,Juanjo Bona & Martin Urrutia,2025-10-06,2025-10-06,1,36,2025-10-06,0,0,36.0,0.0,1.0,57.0,57.0,57.0,single,False,160684,1
el estribillo | quevedo,EL ESTRIBILLO,Quevedo,2025-11-24,2025-11-27,4,16,2025-11-24,0,0,24.75,5.12,0.1635,61.0,61.0,67.0,album,False,161444,18
el fin del mundo | la la love you,El Fin del Mundo,La La Love You,2025-06-03,2025-11-23,98,37,2025-08-25,83,13,46.43,3.3,0.2323,69.0,69.0,68.0,album,False,188093,18
el jefe | shakira & fuerza regida,El Jefe,Shakira & Fuerza Regida,2024-09-24,2024-10-03,10,31,2024-09-27,3,0,39.3,5.39,0.1566,70.0,81.0,85.0,single,True,170297,1
el malo | eladio carrion,El Malo,Eladio Carrion,2025-01-21,2025-02-17,27,20,2025-01-25,4,1,34.44,9.19,0.0981,67.0,75.0,81.0,album,False,209655,17
el mambo | kiko rivera,El Mambo,Kiko Rivera,2024-10-04,2025-03-01,145,2,2024-10-13,9,1,24.43,14.01,0.0666,57.0,73.0,76.0,single,False,129845,1
el merengue | marshmello,El Merengue,Marshmello,2024-11-04,2025-11-18,317,19,2024-11-05,1,15,36.48,7.4,0.119,11.0,45.0,80.0,album,False,189668,11
el merengue | marshmello & manuel turizo,El Merengue,Marshmello & Manuel Turizo,2024-05-18,2024-11-03,170,5,2024-05-18,0,0,13.01,7.36,0.1195,91.0,91.0,89.0,single,False,189668,1
el pantalon - rumbas | omar montes,EL PANTALON - RUMBAS,Omar Montes,2025-06-02,2025-09-12,101,2,2025-06-16,14,2,23.46,13.13,0.0708,27.0,63.0,68.0,album,False,193066,11
el patio | pepe y vizio & delaossa & kiddo,El Patio,Pepe y Vizio & Delaossa & KIDDO,2025-02-22,2025-08-27,152,8,2025-03-07,13,7,28.61,14.7,0.0637,70.0,75.0,71.0,single,False,232645,1
el tonto | lola indigo,EL TONTO,Lola Indigo,2024-05-18,2025-01-10,205,2,2024-05-18,0,4,24.97,15.91,0.0592,83.0,83.0,75.0,album,False,187986,11
ella baila sola | eslabon armado,Ella Baila Sola,Eslabon Armado,2024-05-18,2024-08-09,84,9,2024-06-03,16,0,24.57,10.41,0.0876,89.0,92.0,90.0,album,False,165671,16
empelotica | lenny tavárez & feid,EMPELOTICA,Lenny Tavárez & Feid,2025-02-25,2025-04-06,36,16,2025-03-03,6,4,32.3,11.07,0.0828,0.0,79.0,83.0,single,True,190322,1
emrata | myke towers,EMRATA,Myke Towers,2024-11-25,2024-11-25,1,46,2024-11-25,0,0,46.0,0.0,1.0,0.0,0.0,0.0,album,True,225507,23
en to lao | haze & jhayco,En To Lao,Haze & Jhayco,2024-06-15,2024-07-01,11,45,2024-07-01,16,2,48.27,1.42,0.4132,71.0,79.0,79.0,single,True,195033,1
enamórate | nicki nicole & bad gyal,Enamórate,Nicki Nicole & Bad Gyal,2024-11-16,2024-12-01,15,31,2024-11-18,2,1,37.67,5.51,0.1536,49.0,63.0,76.0,single,False,147785,1
eroticaaaaaaa | gonzy,EROTICAAAAAAA,Gonzy,2025-10-13,2025-10-31,15,38,2025-10-25,12,2,45.4,3.74,0.2111,47.0,60.0,62.0,album,True,169666,18
es un secreto | plan b,Es un Secreto,Plan B,2025-06-22,2025-07-04,13,37,2025-06-30,8,0,41.54,3.57,0.2191,80.0,83.0,84.0,album,False,192120,15
escriurem | chiara oliver & martin urrutia,Escriurem,Chiara Oliver & Martin Urrutia,2025-01-25,2025-01-25,1,47,2025-01-25,0,0,47.0,0.0,1.0,56.0,56.0,56.0,single,False,189146,1
eskeleto | saiko,ESKELETO,SAIKO,2025-04-28,2025-10-23,113,11,2025-05-02,4,4,36.16,10.55,0.0866,61.0,68.0,71.0,album,True,279893,16
espectacular | sky rompiendo & rauw alejandro,Espectacular,Sky Rompiendo & Rauw Alejandro,2025-04-25,2025-04-27,2,49,2025-04-25,0,1,49.5,0.5,0.6667,73.0,73.0,76.0,single,False,185739,1
espresso martini | rauw alejandro,Espresso Martini,Rauw Alejandro,2025-11-17,2025-11-21,5,21,2025-11-17,0,0,35.2,8.3,0.1075,67.0,67.0,74.0,album,True,191219,18
espresso | sabrina carpenter,Espresso,Sabrina Carpenter,2025-06-09,2025-07-03,24,39,2025-06-28,19,1,44.42,3.08,0.245,95.0,98.0,99.0,single,True,175459,1
europapa | joost,Europapa,Joost,2025-05-14,2025-05-18,5,33,2025-05-15,1,0,40.6,4.96,0.1677,82.0,83.0,86.0,single,False,160218,2
eva longoria | ozuna,Eva Longoria,Ozuna,2024-08-12,2024-11-24,90,8,2024-08-29,17,2,25.62,16.64,0.0567,71.0,79.0,77.0,album,False,199850,7
extasisssssss | saiko,Extasisssssss,Saiko,2024-12-20,2025-01-31,43,18,2024-12-22,2,0,33.93,6.87,0.1271,57.0,61.0,75.0,album,False,116666,7
falsos recuerdos | abraham mateo & omar montes,Falsos Recuerdos,Abraham Mateo & Omar Montes,2025-02-01,2025-02-25,24,32,2025-02-08,7,1,40.92,6.69,0.1301,65.0,70.0,75.0,single,False,191414,1
fantasías | mora,FANTASÍAS,Mora,2024-08-30,2024-09-04,6,9,2024-08-30,0,0,26.67,16.27,0.0579,0.0,0.0,78.0,album,True,191847,15
fardos | jc reyes & de la ghetto,FARDOS,JC Reyes & De La Ghetto,2025-02-18,2025-07-30,160,1,2025-02-22,4,3,14.78,11.23,0.0818,59.0,70.0,74.0,single,False,183335,1
fecha - intro extended | renzo pianciola,Fecha - Intro Extended,Renzo Pianciola,2025-04-19,2025-04-20,2,46,2025-04-20,1,0,46.5,0.5,0.6667,0.0,15.0,15.0,single,False,189802,1
fecha | feid & yandel,Fecha,Feid & Yandel,2025-04-14,2025-04-18,5,39,2025-04-17,3,0,46.8,4.35,0.1868,68.0,74.0,76.0,single,True,188600,5
feliz navidad | josé feliciano,Feliz Navidad,José Feliciano,2024-12-25,2024-12-27,3,5,2024-12-25,0,0,11.0,4.24,0.1907,88.0,88.0,88.0,album,False,182066,15
feliz navidad | saiko,Feliz Navidad,Saiko,2024-12-19,2024-12-20,2,36,2024-12-19,0,0,41.0,5.0,0.1667,55.0,55.0,58.0,single,False,218282,3
ferxxo 151 | feid,FERXXO 151,Feid,2024-09-30,2024-11-06,20,17,2024-09-30,0,1,37.65,10.63,0.086,0.0,0.0,73.0,album,False,195320,15
ferxxo 151 | feid & icon,FERXXO 151,Feid & ICON,2024-08-26,2024-09-29,35,9,2024-08-26,0,0,35.4,9.4,0.0962,0.0,0.0,83.0,single,False,195653,1
ferxxo 30 | feid,FERXXO 30,Feid,2024-10-07,2024-10-13,2,32,2024-10-07,0,1,41.0,9.0,0.1,0.0,0.0,76.0,album,False,173760,16
ferxxo edition | feid,FERXXO EDITION,Feid,2024-09-30,2024-10-01,2,43,2024-09-30,0,0,43.0,0.0,1.0,0.0,0.0,0.0,album,False,161746,15
figo | dellafuente & morad,Figo,DELLAFUENTE & Morad,2024-12-02,2024-12-02,1,44,2024-12-02,0,0,44.0,0.0,1.0,0.0,0.0,0.0,single,False,184565,6
fina | bad bunny,FINA,Bad Bunny,2024-10-14,2024-11-18,36,4,2024-10-14,0,0,25.72,14.02,0.0666,0.0,0.0,92.0,album,True,216327,22
finales de agosto | saiko,FINALES DE AGOSTO,SAIKO,2025-04-28,2025-04-29,2,40,2025-04-28,0,0,42.5,2.5,0.2857,57.0,57.0,60.0,album,False,177034,16
flow violento - remix | yosoyplex & ruven,Flow Violento - Remix,YoSoyPlex & Ruven,2024-05-30,2024-06-20,8,46,2024-06-06,7,2,47.88,1.36,0.4231,75.0,75.0,76.0,single,True,166533,1
flowers | miley cyrus,Flowers,Miley Cyrus,2024-05-18,2024-06-06,18,44,2024-05-19,1,1,46.56,1.67,0.374,91.0,91.0,91.0,album,False,200600,13
"flowhot (feat. arcángel, de la ghetto, randy) | the academy: segunda misión & sech & dalex","FLOWHOT (feat. Arcángel, De La Ghetto, Randy)",The Academy: Segunda Misión & Sech & Dalex,2025-03-31,2025-03-31,1,32,2025-03-31,0,0,32.0,0.0,1.0,53.0,53.0,53.0,album,True,233099,9
fortnight (feat. post malone) | taylor swift,Fortnight (feat. Post Malone),Taylor Swift,2025-04-21,2025-04-30,9,24,2025-04-24,3,1,33.67,8.74,0.1026,85.0,89.0,94.0,album,False,228965,16
fosforito | dellafuente,Fosforito,DELLAFUENTE,2025-06-16,2025-06-16,1,46,2025-06-16,0,0,46.0,0.0,1.0,29.0,29.0,29.0,album,False,178782,10
friki | gonzy,FRIKI,Gonzy,2025-05-10,2025-11-26,198,8,2025-06-26,47,3,18.33,7.55,0.117,69.0,73.0,66.0,single,True,189066,1
fruto | bizarrap & milo j,Fruto,Bizarrap & Milo j,2024-10-07,2024-11-11,36,12,2024-10-12,5,0,26.53,8.85,0.1015,68.0,81.0,91.0,single,False,132294,5
frío | myke towers,FRÍO,Myke Towers,2025-08-24,2025-08-24,1,36,2025-08-24,0,0,36.0,0.0,1.0,0.0,0.0,0.0,album,True,160373,20
"fé, cojones y paciencia | eladio carrion","Fé, Cojones y Paciencia",Eladio Carrion,2025-01-21,2025-01-21,1,38,2025-01-21,0,0,38.0,0.0,1.0,66.0,66.0,66.0,album,True,190243,17
g-wa | zheus,G-WA,ZHEUS,2025-11-21,2025-11-27,5,39,2025-11-23,2,2,42.8,3.66,0.2148,57.0,60.0,63.0,single,True,116107,1
gangster (pqfnedg) | ovy on the drums & quevedo & yandel,GANGSTER (PQFNEDG),Ovy On The Drums & Quevedo & Yandel,2024-10-21,2024-11-01,12,15,2024-10-21,0,0,34.83,10.66,0.0858,0.0,0.0,78.0,single,True,215470,1
gangsters y pistolas | feid,GANGSTERS Y PISTOLAS,Feid,2024-09-30,2024-10-01,2,25,2024-09-30,0,0,25.0,0.0,1.0,0.0,0.0,0.0,album,False,170693,15
gata only (mashup) | dj agus lima,Gata Only (Mashup),Dj Agus Lima,2025-05-09,2025-05-10,2,5,2025-05-09,0,0,5.0,0.0,1.0,0.0,0.0,48.0,album,False,215400,9
gata only | floyymenor,Gata Only,FloyyMenor,2025-08-10,2025-10-14,55,15,2025-08-10,0,4,37.71,7.51,0.1175,7.0,7.0,79.0,album,True,222000,7
gata only | floyymenor & cris mj,Gata Only,FloyyMenor & Cris Mj,2025-02-24,2025-08-09,162,2,2025-04-06,41,4,6.75,5.52,0.1533,87.0,94.0,96.0,single,True,222000,1
gatita gangster | karol g,GATITA GANGSTER,KAROL G,2024-09-13,2024-11-24,63,30,2024-10-12,29,1,41.89,5.01,0.1663,75.0,79.0,80.0,album,True,170920,9
gatitas sandungueras vol.1 | alvaro diaz,GATITAS SANDUNGUERAS VOL.1,Alvaro Diaz,2025-05-19,2025-07-03,46,12,2025-06-12,24,0,23.52,9.8,0.0926,0.0,79.0,83.0,album,False,131853,20
gitana (feat. bryartz) | pablo chill-e,Gitana (feat. Bryartz),Pablo Chill-E,2025-05-03,2025-06-17,45,15,2025-05-17,14,1,27.47,9.95,0.0913,77.0,82.0,77.0,album,True,221714,8
goteras | omar montes & jc reyes,Goteras,Omar Montes & JC Reyes,2025-06-30,2025-11-23,145,1,2025-07-08,8,2,12.8,12.2,0.0758,57.0,73.0,72.0,single,False,216450,1
gracias por nada | bad bunny,GRACIAS POR NADA,Bad Bunny,2024-10-14,2024-10-20,7,11,2024-10-14,0,0,28.43,13.25,0.0702,0.0,0.0,86.0,album,True,177450,22
gran día | mau y ricky & guaynaa,Gran Día,Mau y Ricky & Guaynaa,2025-05-16,2025-06-01,13,17,2025-05-31,15,2,37.92,10.19,0.0894,60.0,72.0,72.0,single,False,193840,1
gran vía | quevedo,GRAN VÍA,Quevedo,2025-11-24,2025-11-27,4,1,2025-11-24,0,0,1.0,0.0,1.0,66.0,66.0,72.0,album,False,213528,18
guay | ozuna & bad gyal,Guay,Ozuna & Bad Gyal,2025-04-21,2025-07-20,90,7,2025-04-27,6,1,21.58,9.88,0.0919,64.0,74.0,77.0,single,False,210788,1
hablame claro | yandel,HABLAME CLARO,Yandel,2025-10-13,2025-10-13,1,47,2025-10-13,0,0,47.0,0.0,1.0,45.0,45.0,45.0,album,True,154969,19
hablame claro | yandel & feid,Hablame Claro,Yandel & Feid,2025-09-16,2025-10-12,27,5,2025-09-25,9,0,23.63,14.7,0.0637,70.0,82.0,83.0,single,True,154969,1
hala madrid ...y nada más | real madrid,Hala Madrid ...y nada más,Real Madrid,2025-06-03,2025-06-03,1,43,2025-06-03,0,0,43.0,0.0,1.0,60.0,60.0,60.0,single,False,177000,1
halo | quevedo,HALO,Quevedo,2025-11-24,2025-11-27,4,7,2025-11-24,0,0,7.5,0.5,0.6667,63.0,63.0,69.0,album,False,181261,18
hardaway | duki,Hardaway,Duki,2025-11-03,2025-11-03,1,35,2025-11-03,0,0,35.0,0.0,1.0,62.0,62.0,62.0,album,True,216432,15
hasta olvidarte | mau y ricky,Hasta Olvidarte,Mau y Ricky,2025-06-03,2025-06-08,6,23,2025-06-04,1,0,29.17,3.72,0.2121,60.0,69.0,71.0,album,False,188862,15
hay lupita | lomiiel,HAY LUPITA,Lomiiel,2025-07-12,2025-10-29,103,2,2025-08-04,23,3,17.78,15.52,0.0605,77.0,84.0,80.0,single,False,105836,1
hay lupita | megan koffe,Hay Lupita,Megan Koffe,2025-06-28,2025-07-10,13,30,2025-07-08,10,0,35.08,4.08,0.1967,55.0,63.0,64.0,single,True,108855,1
haz lo que quieras conmigo | walls,haz lo que quieras conmigo,Walls,2025-09-22,2025-10-19,20,33,2025-09-22,0,2,44.15,4.53,0.1808,53.0,53.0,68.0,single,False,208603,1
headshot | anuel aa,Headshot,Anuel AA,2025-09-22,2025-09-22,1,29,2025-09-22,0,0,29.0,0.0,1.0,61.0,61.0,61.0,single,True,409259,1
heavy is the crown | linkin park,Heavy Is the Crown,Linkin Park,2025-09-27,2025-09-27,1,49,2025-09-27,0,0,49.0,0.0,1.0,78.0,78.0,78.0,single,False,167012,2
heavyweight | eladio carrion,Heavyweight,Eladio Carrion,2025-05-04,2025-05-04,1,49,2025-05-04,0,0,49.0,0.0,1.0,62.0,62.0,62.0,single,True,164776,5
hermosa casualidad | sen senra & aitana,Hermosa Casualidad,Sen Senra & Aitana,2025-06-02,2025-06-09,6,39,2025-06-06,4,1,43.67,4.03,0.1989,34.0,60.0,61.0,single,False,205779,1
hey bb | saiko,HEY BB,SAIKO,2025-04-28,2025-05-02,5,26,2025-04-28,0,0,36.2,5.91,0.1447,59.0,59.0,65.0,album,False,163701,16
hey lil mama | eladio carrion,Hey Lil Mama,Eladio Carrion,2025-01-21,2025-04-13,78,8,2025-01-25,4,4,28.19,12.22,0.0757,69.0,78.0,81.0,album,False,216338,17
hey mor | ozuna,Hey Mor,Ozuna,2024-05-18,2024-09-12,97,30,2024-05-18,0,2,40.01,5.49,0.1541,91.0,91.0,88.0,album,False,196600,18
hibiki | bad bunny,HIBIKI,Bad Bunny,2024-10-14,2024-12-01,49,2,2024-10-14,0,0,21.67,14.76,0.0635,0.0,0.0,89.0,album,True,208000,22
historias por contar | operación triunfo 2023,Historias Por Contar,Operación Triunfo 2023,2025-02-22,2025-02-24,3,28,2025-02-22,0,0,39.0,8.98,0.1002,57.0,57.0,57.0,single,False,192042,1
holanda | jhayco,Holanda,Jhayco,2024-08-04,2025-03-12,219,3,2024-08-16,12,2,22.0,14.26,0.0655,73.0,82.0,84.0,single,True,231693,1
holly jolly christmas | michael bublé,Holly Jolly Christmas,Michael Bublé,2024-12-25,2024-12-27,3,24,2024-12-25,0,0,38.0,9.9,0.0917,83.0,83.0,83.0,album,False,119786,16
houdini | dua lipa,Houdini,Dua Lipa,2024-11-11,2024-11-17,7,23,2024-11-11,0,0,40.29,8.29,0.1076,58.0,58.0,89.0,single,False,185917,1
hoy | valentino merlo & the la planta,Hoy,Valentino Merlo & The La Planta,2025-09-29,2025-10-04,6,13,2025-10-02,3,0,15.17,2.19,0.3133,83.0,84.0,84.0,single,False,198495,1
i can do it with a broken heart | taylor swift,I Can Do It With a Broken Heart,Taylor Swift,2025-04-23,2025-04-23,1,50,2025-04-23,0,0,50.0,0.0,1.0,82.0,82.0,82.0,album,True,218004,16
i like the way you kiss me | artemas,i like the way you kiss me,Artemas,2025-04-04,2025-05-02,21,19,2025-04-18,14,2,32.9,8.19,0.1088,92.0,98.0,100.0,single,False,142514,1
ia | clarent,IA,Clarent,2025-10-20,2025-11-12,24,1,2025-11-09,20,0,4.17,4.72,0.1747,57.0,78.0,78.0,single,True,171428,1
ia | clarent & mora,IA,Clarent & Mora,2025-11-13,2025-11-27,15,1,2025-11-13,0,0,4.13,5.43,0.1556,79.0,79.0,80.0,single,True,240000,1
iguales | quevedo,IGUALES,Quevedo,2025-11-24,2025-11-27,4,3,2025-11-24,0,0,3.5,0.5,0.6667,66.0,66.0,71.0,album,False,183316,18
il capo | rauw alejandro,IL Capo,Rauw Alejandro,2025-11-17,2025-11-17,1,38,2025-11-17,0,0,38.0,0.0,1.0,65.0,65.0,65.0,album,True,249599,18
imagínate | danny ocean & kapo,Imagínate,Danny Ocean & Kapo,2025-11-15,2025-11-27,13,15,2025-11-23,8,0,32.31,9.95,0.0913,70.0,76.0,78.0,single,True,170365,1
imperio | duki,Imperio,Duki,2025-11-03,2025-11-23,19,15,2025-11-09,6,1,28.95,12.13,0.0761,62.0,72.0,76.0,album,True,168711,15
it's beginning to look a lot like christmas | michael bublé,It's Beginning to Look a Lot like Christmas,Michael Bublé,2024-12-25,2024-12-27,3,16,2024-12-25,0,0,24.0,5.66,0.1502,87.0,87.0,87.0,album,False,207199,21
it's the most wonderful time of the year | andy williams,It's the Most Wonderful Time of the Year,Andy Williams,2024-12-25,2024-12-27,3,12,2024-12-25,0,0,20.0,5.66,0.1502,79.0,79.0,79.0,album,False,151000,12
"japoni (feat. camin, moncho chavea, jthyago & samueliyo baby) | oscar el ruso & samuel g & omar montes","Japoni (feat. Camin, Moncho Chavea, Jthyago & Samueliyo Baby)",Oscar el Ruso & Samuel G & Omar Montes,2025-01-18,2025-06-17,72,26,2025-02-25,38,8,37.71,7.58,0.1166,68.0,76.0,65.0,single,False,248004,1
jingle bell rock | bobby helms,Jingle Bell Rock,Bobby Helms,2024-12-25,2024-12-27,3,10,2024-12-25,0,0,16.67,4.71,0.175,94.0,94.0,94.0,single,False,130973,2
k-pop | travis scott & bad bunny & the weeknd,K-POP,Travis Scott & Bad Bunny & The Weeknd,2024-07-23,2024-08-05,14,21,2024-07-23,0,0,33.86,9.22,0.0979,82.0,82.0,93.0,single,True,185220,1
kassandra | quevedo,KASSANDRA,Quevedo,2025-11-24,2025-11-27,4,2,2025-11-24,0,0,2.0,0.0,1.0,66.0,66.0,72.0,album,False,183172,18
khé? | rauw alejandro,Khé?,Rauw Alejandro,2025-11-17,2025-11-27,11,8,2025-11-23,6,0,14.09,4.64,0.1773,67.0,80.0,83.0,album,False,206066,18
ktm | jhayco & bryant myers & luar la l,KTM,Jhayco & Bryant Myers & Luar La L,2025-03-24,2025-03-28,4,16,2025-03-24,0,1,41.25,14.58,0.0642,0.0,0.0,70.0,single,True,366760,1
la 125 | quevedo,LA 125,Quevedo,2025-11-24,2025-11-27,4,10,2025-11-24,0,0,18.25,4.82,0.172,62.0,62.0,67.0,album,False,194286,18
la baby | brytiago,La Baby,Brytiago,2024-11-03,2024-12-02,16,3,2024-11-30,27,5,31.31,15.32,0.0613,55.0,73.0,74.0,single,True,161333,1
la baby | tainy,LA BABY,Tainy,2024-07-02,2024-07-12,11,25,2024-07-02,0,0,42.27,6.69,0.1301,67.0,67.0,78.0,album,False,182857,19
la bachata | manuel turizo,La Bachata,Manuel Turizo,2024-05-18,2025-11-19,538,11,2025-01-01,228,6,26.79,8.48,0.1055,86.0,84.0,82.0,album,False,162637,15
la bebe - remix | yng lvcas & peso pluma,La Bebe - Remix,Yng Lvcas & Peso Pluma,2024-05-18,2024-08-29,104,10,2024-06-01,14,0,27.39,10.99,0.0834,99.0,99.0,96.0,single,True,234352,2
la canción feliz del disco | eladio carrion,La Canción Feliz Del Disco,Eladio Carrion,2025-01-21,2025-01-24,4,13,2025-01-21,0,0,39.0,15.18,0.0618,69.0,69.0,75.0,album,True,173524,17
la capi | myke towers,LA CAPI,Myke Towers,2024-12-14,2025-09-25,233,13,2025-01-22,39,9,30.13,10.04,0.0906,72.0,79.0,75.0,album,True,202360,23
la falda | myke towers,LA FALDA,Myke Towers,2024-11-25,2025-11-23,359,1,2025-02-18,85,5,13.2,9.71,0.0934,0.0,93.0,83.0,album,True,174229,23
la fiesta | pedro capó,La Fiesta,Pedro Capó,2024-05-18,2024-06-27,17,30,2024-05-20,2,3,44.88,6.64,0.1309,71.0,73.0,76.0,album,False,201044,10
la gata bajo la lluvia | naiara,La Gata Bajo La Lluvia,Naiara,2025-01-25,2025-01-25,1,46,2025-01-25,0,0,46.0,0.0,1.0,55.0,55.0,55.0,single,False,164678,1
la inocente | mora,LA INOCENTE,Mora,2024-05-30,2024-08-11,31,45,2024-06-21,22,5,48.23,1.34,0.4279,88.0,89.0,88.0,album,True,202173,15
la jumpa | arcángel,La Jumpa,Arcángel,2024-05-18,2024-06-23,37,36,2024-05-29,11,0,42.03,3.69,0.213,87.0,87.0,87.0,album,True,255693,18
la marina sta morena | figa flawas,LA MARINA STA MORENA,Figa Flawas,2025-08-07,2025-10-15,69,19,2025-09-04,28,1,30.28,8.36,0.1069,65.0,72.0,71.0,single,False,131332,1
la nena | lyanno & rauw alejandro,LA NENA,Lyanno & Rauw Alejandro,2025-04-21,2025-05-25,27,25,2025-04-27,6,1,38.93,7.66,0.1154,74.0,77.0,80.0,single,True,200040,1
la noia | angelina mango,la noia,Angelina Mango,2025-05-14,2025-05-14,1,47,2025-05-14,0,0,47.0,0.0,1.0,80.0,80.0,80.0,single,False,189124,1
la ranger (feat. myke towers) | the academy: segunda misión & justin quiles & lenny tavárez,LA RANGER (feat. Myke Towers),The Academy: Segunda Misión & Justin Quiles & Lenny Tavárez,2025-03-31,2025-07-16,107,3,2025-04-11,11,1,20.86,12.67,0.0731,64.0,79.0,78.0,album,True,229738,9
la raíz d€l mal | cruz cafuné,la raíz d€l mal,Cruz Cafuné,2025-07-21,2025-07-26,4,42,2025-07-21,0,1,47.5,3.28,0.2337,54.0,54.0,61.0,single,True,133767,6
la reina | lola indigo,LA REINA,Lola Indigo,2025-06-16,2025-11-26,162,4,2025-06-20,4,2,10.75,8.01,0.1109,29.0,62.0,73.0,single,False,150000,1
la rijana | saiko,LA RIJANA,SAIKO,2025-04-28,2025-04-29,2,41,2025-04-28,0,0,44.0,3.0,0.25,57.0,57.0,60.0,album,False,137172,16
la rizos [dime si le comento a la pura] | las 2k & chardo chardemio & melody records international,La Rizos [Dime Si Le Comento a la Pura],Las 2K & Chardo Chardemio & Melody Records International,2025-08-25,2025-11-06,69,22,2025-09-15,21,1,31.17,7.16,0.1226,68.0,74.0,72.0,single,False,218119,1
la roja baila - himno oficial de la selección española | sergio ramos & niña pastori & redone,La roja baila - Himno oficial de la selección española,Sergio Ramos & Niña Pastori & RedOne,2025-07-15,2025-07-16,2,9,2025-07-15,0,0,9.0,0.0,1.0,56.0,56.0,58.0,single,False,235384,1
la sevillana - sevillanas | omar montes,LA SEVILLANA - SEVILLANAS,Omar Montes,2025-05-05,2025-07-03,60,8,2025-05-05,0,0,25.2,12.39,0.0747,77.0,77.0,60.0,album,False,220360,11
la sevillana | omar montes,LA SEVILLANA,Omar Montes,2025-04-14,2025-05-04,21,3,2025-04-20,6,0,7.95,4.42,0.1844,59.0,71.0,77.0,single,False,220346,1
la torre picasso | arde bogotá,La Torre Picasso,Arde Bogotá,2025-09-15,2025-09-15,1,46,2025-09-15,0,0,46.0,0.0,1.0,50.0,50.0,50.0,single,False,484573,1
la vida sin ti | rels b,La Vida Sin Ti,Rels B,2025-04-28,2025-06-29,63,8,2025-05-02,4,0,24.79,13.28,0.07,65.0,73.0,76.0,album,False,164470,13
la vida sin ti | rels b & lia kali,La Vida Sin Ti,Rels B & Lia Kali,2025-04-25,2025-04-27,3,15,2025-04-25,0,0,19.33,4.78,0.1729,58.0,58.0,73.0,single,False,164470,1
la vuelta | feid,LA VUELTA,Feid,2024-12-02,2024-12-02,1,48,2024-12-02,0,0,48.0,0.0,1.0,0.0,0.0,0.0,album,False,121920,10
la última | quevedo,LA ÚLTIMA,Quevedo,2025-02-03,2025-03-23,48,1,2025-02-03,0,1,16.29,15.95,0.059,72.0,72.0,78.0,single,False,170322,1
la_original.mp3 | emilia,La_Original.mp3,Emilia,2024-11-04,2025-06-03,202,10,2025-03-08,124,4,26.53,11.24,0.0817,0.0,84.0,79.0,album,False,140625,13
lady madrizzz | céro,lady madrizZz,céro,2024-11-03,2025-03-02,118,8,2024-11-16,13,1,27.6,13.37,0.0696,67.0,75.0,75.0,single,False,131020,1
laguna | mora,LAGUNA,Mora,2024-08-30,2024-09-02,4,11,2024-08-30,0,0,21.5,7.09,0.1236,0.0,0.0,76.0,album,True,246593,15
lala | myke towers,LALA,Myke Towers,2024-06-29,2025-09-24,310,1,2024-07-05,6,2,20.0,15.96,0.059,78.0,86.0,85.0,album,True,197920,23
las babys | aitana,LAS BABYS,Aitana,2024-06-09,2024-08-29,82,4,2024-06-11,2,0,23.07,8.51,0.1052,63.0,71.0,79.0,single,True,153827,1
las bratz (remix) | aissa & jc reyes & saiko,Las Bratz (Remix),Aissa & JC Reyes & Saiko,2024-05-18,2024-05-27,10,44,2024-05-20,2,0,46.9,1.37,0.4211,76.0,76.0,76.0,single,True,444631,1
last christmas - single version | wham!,Last Christmas - Single Version,Wham!,2024-12-23,2024-12-27,5,4,2024-12-25,2,0,19.0,17.8,0.0532,89.0,89.0,89.0,album,False,265960,16
latte (feat. maria becerra) | the academy: segunda misión & sech & dalex,LATTE (feat. Maria Becerra),The Academy: Segunda Misión & Sech & Dalex,2025-03-31,2025-03-31,1,43,2025-03-31,0,0,43.0,0.0,1.0,53.0,53.0,53.0,album,True,260534,9
let it snow! let it snow! let it snow! (with the b. swanson quartet) | frank sinatra,Let It Snow! Let It Snow! Let It Snow! (with The B. Swanson Quartet),Frank Sinatra,2024-12-25,2024-12-25,1,33,2024-12-25,0,0,33.0,0.0,1.0,91.0,91.0,91.0,album,False,155453,14
let it snow! let it snow! let it snow! | dean martin,Let It Snow! Let It Snow! Let It Snow!,Dean Martin,2024-12-25,2024-12-27,3,15,2024-12-25,0,0,23.0,5.66,0.1502,95.0,95.0,95.0,album,False,117146,12
like i can (feat. aitana) | sam smith & aitana,Like I Can (feat. Aitana),Sam Smith & Aitana,2025-08-10,2025-08-10,1,42,2025-08-10,0,0,42.0,0.0,1.0,38.0,38.0,38.0,single,False,166707,1
lo que no ves de mí | juanjo bona,Lo que no ves de mí,Juanjo Bona,2025-04-18,2025-04-18,1,38,2025-04-18,0,0,38.0,0.0,1.0,69.0,69.0,69.0,single,False,144000,1
lo que tiene | morad & beny jr & rvfv,Lo Que Tiene,Morad & Beny Jr & Rvfv,2025-03-10,2025-11-23,254,5,2025-03-13,3,5,25.62,12.77,0.0726,61.0,70.0,75.0,single,False,259200,1
lokita | mora,LOKITA,Mora,2024-08-30,2024-09-02,4,13,2024-08-30,0,0,28.75,10.96,0.0836,0.0,0.0,75.0,album,True,154154,15
lollipop | darell,Lollipop,Darell,2024-10-02,2025-01-17,105,1,2024-10-21,19,1,21.7,16.44,0.0573,64.0,86.0,90.0,album,True,199946,18
los del espacio | lit killah,Los del Espacio,LIT killah,2024-06-04,2025-02-16,257,2,2024-06-09,5,1,21.56,16.2,0.0581,72.0,84.0,85.0,single,False,338000,1
los días contados | quevedo,LOS DÍAS CONTADOS,Quevedo,2025-11-24,2025-11-27,4,4,2025-11-24,0,0,5.25,0.83,0.5467,64.0,64.0,70.0,album,False,161943,18
los pits | bad bunny,LOS PITS,Bad Bunny,2024-10-14,2024-10-20,7,20,2024-10-14,0,0,33.86,11.04,0.0831,0.0,0.0,85.0,album,True,250851,22
los ángeles | aitana,Los Ángeles,Aitana,2024-05-18,2024-08-05,80,20,2024-05-18,0,0,34.11,6.9,0.1265,84.0,84.0,81.0,single,False,158483,1
luces de tecno | feid,LUCES DE TECNO,Feid,2024-09-30,2025-02-03,124,7,2024-09-30,0,1,32.15,9.76,0.0929,0.0,0.0,80.0,album,False,164293,16
luchas mentales | eladio carrion,Luchas Mentales,Eladio Carrion,2025-01-21,2025-01-21,1,43,2025-01-21,0,0,43.0,0.0,1.0,66.0,66.0,66.0,album,False,166835,17
luna llena | beny jr,Luna llena,Beny Jr,2025-07-31,2025-11-27,119,4,2025-10-14,75,1,11.08,8.72,0.1029,69.0,77.0,76.0,album,False,169846,13
luna | feid,LUNA,Feid,2024-12-02,2025-11-27,357,2,2025-01-11,40,4,11.58,7.9,0.1123,0.0,94.0,88.0,album,False,196800,10
luna | saiko,LUNA,SAIKO,2025-04-28,2025-05-09,12,9,2025-04-28,0,0,28.25,12.38,0.0748,61.0,61.0,70.0,album,False,240923,16
lunch | billie eilish,LUNCH,Billie Eilish,2025-05-19,2025-05-30,12,20,2025-05-25,6,0,34.33,6.74,0.1292,62.0,93.0,95.0,album,False,179586,10
m.a.i | milo j,M.A.I,Milo j,2025-01-17,2025-04-30,100,4,2025-01-31,14,3,16.22,11.64,0.0791,82.0,82.0,86.0,album,False,184027,10
ma meilleure ennemie (from the series arcane league of legends) | stromae & pomme & arcane,Ma Meilleure Ennemie (from the series Arcane League of Legends),Stromae & Pomme & Arcane,2025-11-27,2025-11-27,1,38,2025-11-27,0,0,38.0,0.0,1.0,77.0,77.0,77.0,single,False,147973,1
madrid city | ana mena,Madrid City,Ana Mena,2024-09-30,2025-04-15,181,13,2025-01-03,95,3,27.45,9.6,0.0943,0.0,77.0,77.0,single,False,172727,1
mal de amores | natos y waor & israel b,Mal de amores,Natos y Waor & Israel B,2025-02-11,2025-02-17,4,29,2025-02-15,4,1,37.75,5.8,0.147,56.0,62.0,64.0,single,False,255071,1
mala suerte | lola indigo & dellafuente,MALA SUERTE,Lola Indigo & DELLAFUENTE,2024-09-03,2024-09-09,7,32,2024-09-06,3,0,36.43,3.5,0.2223,59.0,66.0,69.0,single,False,215142,1
malicia | dellafuente,Malicia,DELLAFUENTE,2025-06-16,2025-06-21,6,29,2025-06-16,0,0,42.17,6.96,0.1256,25.0,25.0,50.0,album,False,177500,10
mama's boy | eladio carrion,Mama's Boy,Eladio Carrion,2025-01-21,2025-01-21,1,34,2025-01-21,0,0,34.0,0.0,1.0,66.0,66.0,66.0,album,False,222272,17
mamasota | manuel turizo & yandel,Mamasota,Manuel Turizo & Yandel,2025-03-15,2025-03-15,1,50,2025-03-15,0,0,50.0,0.0,1.0,78.0,78.0,78.0,single,False,216424,1
mami chula | jhayco & quevedo,Mami Chula,Jhayco & Quevedo,2024-05-18,2024-09-18,118,6,2024-05-18,0,1,35.81,11.67,0.079,85.0,85.0,80.0,single,False,220600,1
mamichula - con nicki nicole | trueno,Mamichula - con Nicki Nicole,Trueno,2025-02-18,2025-04-05,44,7,2025-03-04,14,3,26.87,14.64,0.0639,83.0,88.0,86.0,album,False,219201,10
manos rotas | dellafuente & morad,Manos Rotas,DELLAFUENTE & Morad,2024-11-18,2025-11-23,329,1,2024-11-29,11,14,23.53,18.54,0.0512,44.0,76.0,72.0,single,False,168594,1
maquillaje - remix | refracted arg,Maquillaje - Remix,refracted arg,2025-04-21,2025-04-24,4,32,2025-04-21,0,0,34.5,3.77,0.2094,0.0,0.0,52.0,album,False,207342,7
maquillaje - remix | renn & myke towers & nio garcia,Maquillaje - Remix,Renn & Myke Towers & Nio Garcia,2025-07-10,2025-07-14,4,25,2025-07-14,4,1,30.0,4.36,0.1866,75.0,76.0,76.0,single,True,286283,1
maquillaje | renn & yexel,Maquillaje,Renn & Yexel,2025-03-21,2025-06-02,65,18,2025-04-08,18,3,31.65,7.51,0.1175,2.0,78.0,83.0,single,True,211969,1
marea | mora,MAREA,Mora,2024-08-30,2024-08-31,2,24,2024-08-30,0,0,36.5,12.5,0.0741,0.0,0.0,69.0,album,True,148082,15
martini | dei v,Martini,Dei V,2025-05-02,2025-11-23,150,7,2025-06-17,46,8,32.81,12.06,0.0766,65.0,48.0,72.0,album,True,164365,16
me has invitado a bailar | dani fernández,Me has invitado a bailar,Dani Fernández,2025-09-04,2025-11-27,85,15,2025-10-31,57,0,27.46,7.23,0.1215,63.0,53.0,65.0,single,False,192906,1
media luna | mora,MEDIA LUNA,Mora,2024-08-30,2024-09-21,14,5,2024-08-30,0,1,36.79,16.34,0.0577,0.0,0.0,81.0,album,False,134948,15
mejor así | myke towers,MEJOR ASÍ,Myke Towers,2025-08-24,2025-08-24,1,37,2025-08-24,0,0,37.0,0.0,1.0,0.0,0.0,0.0,album,True,219480,20
memorias | mora,MEMORIAS,Mora,2024-05-18,2024-05-27,10,39,2024-05-23,5,0,42.1,1.45,0.4089,82.0,82.0,82.0,album,False,228750,15
mencionar | eladio carrion,Mencionar,Eladio Carrion,2025-01-21,2025-01-21,1,42,2025-01-21,0,0,42.0,0.0,1.0,66.0,66.0,66.0,album,False,141818,17
mercedes carota | bad bunny,MERCEDES CAROTA,Bad Bunny,2024-10-14,2024-10-21,8,17,2024-10-14,0,0,32.88,11.37,0.0808,0.0,0.0,86.0,album,True,202635,22
mercho | lil cake & migrantes,MERCHO,LiL CaKe & Migrantes,2024-05-18,2024-08-29,104,21,2024-05-29,11,0,32.19,6.2,0.1389,90.0,90.0,86.0,single,False,161451,1
mi cuarto | tiago pzk & rels b,Mi Cuarto,Tiago PZK & Rels B,2025-10-27,2025-10-27,1,46,2025-10-27,0,0,46.0,0.0,1.0,58.0,58.0,58.0,single,False,131688,1
mi droga | myke towers,MI DROGA,Myke Towers,2024-05-18,2024-05-20,3,46,2024-05-18,0,0,48.67,1.89,0.3465,81.0,81.0,80.0,album,True,163240,23
mi ex tenía razón | karol g,MI EX TENÍA RAZÓN,KAROL G,2024-08-13,2025-07-31,22,16,2024-08-13,0,1,36.59,8.64,0.1037,62.0,62.0,85.0,album,False,154374,9
mi lova | bad gyal & myke towers,Mi Lova,Bad Gyal & Myke Towers,2024-07-09,2024-08-18,41,14,2024-07-09,0,0,36.71,9.05,0.0995,0.0,0.0,79.0,single,True,220173,1
mi luz (ft. rels b) | rvfv,Mi Luz (ft. Rels B),Rvfv,2024-10-23,2025-10-18,172,32,2025-10-11,353,14,45.4,3.6,0.2174,80.0,75.0,75.0,album,False,168000,15
mi nena remix | maikel delacalle & quevedo,Mi Nena Remix,Maikel Delacalle & Quevedo,2024-05-18,2024-06-10,24,26,2024-05-19,1,0,31.75,3.73,0.2113,82.0,82.0,81.0,single,False,220000,1
miamor | aitana,miamor,Aitana,2024-09-24,2024-09-26,3,34,2024-09-24,0,0,36.0,1.41,0.4142,31.0,31.0,55.0,album,False,159360,15
miamor | aitana & rels b,miamor,Aitana & Rels B,2024-08-26,2024-09-23,29,4,2024-08-26,0,0,37.38,12.62,0.0734,46.0,46.0,78.0,single,False,159360,1
mientras me curo del cora | karol g,MIENTRAS ME CURO DEL CORA,KAROL G,2025-07-24,2025-08-02,10,37,2025-07-28,4,0,44.9,4.16,0.1939,81.0,82.0,82.0,album,False,164386,17
mil mujeres | rauw alejandro,Mil Mujeres,Rauw Alejandro,2025-11-17,2025-11-17,1,36,2025-11-17,0,0,36.0,0.0,1.0,65.0,65.0,65.0,album,True,168922,18
"milo j: bzrp music sessions, vol. 57 | bizarrap & milo j","Milo J: Bzrp Music Sessions, Vol. 57",Bizarrap & Milo j,2024-10-07,2025-02-10,59,1,2024-10-07,0,2,28.88,15.3,0.0614,74.0,74.0,83.0,single,False,189901,1
"milo j: bzrp music sessions, vol. 57 | paul thin","Milo J: Bzrp Music Sessions, Vol. 57",Paul Thin,2025-02-01,2025-02-02,2,39,2025-02-01,0,0,44.5,5.5,0.1538,56.0,56.0,56.0,single,False,153024,1
mirame | blessd & ovy on the drums,Mirame,Blessd & Ovy On The Drums,2025-07-15,2025-07-30,16,13,2025-07-19,4,0,28.88,6.66,0.1305,84.0,85.0,88.0,single,True,157453,1
mis tías | juanjo bona,Mis Tías,Juanjo Bona,2025-07-21,2025-07-23,2,44,2025-07-21,0,1,45.5,1.5,0.4,58.0,58.0,62.0,single,False,158400,1
modelito | mora,MODELITO,Mora,2024-09-09,2025-06-17,279,4,2024-11-12,64,3,21.72,13.63,0.0684,80.0,85.0,72.0,album,True,190496,14
mojabi ghost | tainy,MOJABI GHOST,Tainy,2024-07-02,2024-08-03,33,6,2024-07-02,0,0,30.94,12.38,0.0748,78.0,78.0,93.0,album,True,232131,19
monaco | bad bunny,MONACO,Bad Bunny,2024-10-14,2025-01-12,78,1,2024-10-14,0,2,23.68,16.95,0.0557,0.0,0.0,95.0,album,True,267194,22
mr. moondial | quevedo,MR. MOONDIAL,Quevedo,2025-11-24,2025-11-27,4,5,2025-11-25,1,0,5.5,0.5,0.6667,63.0,67.0,70.0,album,False,165762,18
mr. october | bad bunny,MR. OCTOBER,Bad Bunny,2024-10-14,2024-10-21,8,7,2024-10-14,0,0,23.88,12.89,0.072,0.0,0.0,88.0,album,True,189258,22
my love | de la ghetto & quevedo,My Love,De La Ghetto & Quevedo,2024-06-04,2024-07-01,27,36,2024-06-15,11,1,41.7,3.82,0.2075,60.0,74.0,78.0,single,False,214123,1
m€ntiras | cruz cafuné,m€ntiras,Cruz Cafuné,2025-07-21,2025-07-21,1,43,2025-07-21,0,0,43.0,0.0,1.0,54.0,54.0,54.0,single,True,151841,6
nadie sabe | bad bunny,NADIE SABE,Bad Bunny,2024-10-14,2024-10-28,15,3,2024-10-14,0,0,26.67,14.78,0.0634,0.0,0.0,89.0,album,True,379058,22
nana del hilo rojo | saiko,NANA DEL HILO ROJO,SAIKO,2025-04-28,2025-05-02,5,16,2025-04-28,0,0,27.0,10.86,0.0843,61.0,61.0,68.0,album,False,163893,16
narcotics (with bryant myers) | dei v & bryant myers,Narcotics (with Bryant Myers),Dei V & Bryant Myers,2024-10-04,2025-06-11,188,15,2024-12-28,85,4,25.58,7.75,0.1143,75.0,81.0,74.0,single,True,173991,1
"natanael cano: bzrp music sessions, vol. 59 | bizarrap & natanael cano","Natanael Cano: Bzrp Music Sessions, Vol. 59",Bizarrap & Natanael Cano,2025-04-06,2025-04-13,8,32,2025-04-07,1,0,39.62,5.0,0.1667,70.0,74.0,83.0,single,True,155888,1
new woman (feat. rosalía) | lisa & rosalía,New Woman (feat. ROSALÍA),LISA & ROSALÍA,2025-08-17,2025-08-30,14,15,2025-08-17,0,0,32.0,11.03,0.0832,0.0,0.0,91.0,single,False,179789,1
ni me conozco | rauw alejandro,Ni Me Conozco,Rauw Alejandro,2025-11-17,2025-11-22,6,26,2025-11-17,0,0,37.5,7.34,0.1199,66.0,66.0,75.0,album,True,229787,18
niña bonita | feid & sean paul,Niña Bonita,Feid & Sean Paul,2024-05-18,2024-08-08,83,13,2024-05-19,1,0,34.45,7.12,0.1231,88.0,88.0,88.0,single,False,187653,1
no digas na | feid & yandel,No Digas Na,Feid & Yandel,2025-04-17,2025-04-20,4,48,2025-04-18,1,0,48.75,0.83,0.5467,71.0,72.0,74.0,single,False,208386,5
no estuviste en lo malo - remix | morad & beny jr & dellafuente,No Estuviste En Lo Malo - REMIX,Morad & Beny Jr & DELLAFUENTE,2024-10-07,2025-01-31,112,12,2024-10-07,0,4,38.59,7.56,0.1168,63.0,63.0,77.0,single,False,268320,1
no estuviste en lo malo | morad,No Estuviste En Lo Malo,Morad,2024-05-18,2024-06-23,11,46,2024-05-31,13,3,48.36,1.43,0.4112,67.0,74.0,77.0,album,False,247680,19
no has cambiado | baby rasta & noriel & hades66,No Has Cambiado,Baby Rasta & Noriel & Hades66,2025-10-13,2025-11-27,24,11,2025-10-15,2,5,32.12,10.46,0.0873,64.0,65.0,71.0,single,True,276404,1
no me quiero casar | bad bunny,NO ME QUIERO CASAR,Bad Bunny,2024-10-14,2024-10-19,6,22,2024-10-14,0,0,32.33,9.1,0.099,0.0,0.0,84.0,album,True,225654,22
no pienso llamar | soge culebra,NO PIENSO LLAMAR,Soge Culebra,2024-10-14,2025-03-02,140,7,2024-12-23,70,0,24.21,12.92,0.0718,0.0,71.0,69.0,album,False,198352,13
no pienso llamar | soge culebra & quevedo & garabatto,NO PIENSO LLAMAR,Soge Culebra & Quevedo & GARABATTO,2024-10-07,2024-10-13,7,16,2024-10-07,0,0,18.71,3.65,0.2149,43.0,43.0,72.0,single,False,198352,1
no soy eterno | bizarrap & milo j,No soy Eterno,Bizarrap & Milo j,2024-10-07,2024-10-13,7,27,2024-10-10,3,0,35.0,6.95,0.1258,67.0,77.0,80.0,single,False,151468,5
no te quieren conmigo - remix | gaby music & anuel aa & luar la l,No Te Quieren Conmigo - Remix,Gaby Music & Anuel AA & Luar La L,2025-04-07,2025-04-27,21,17,2025-04-07,0,0,34.86,7.01,0.1248,62.0,62.0,77.0,single,False,328226,1
no te quieren conmigo | gaby music & lunay & luar la l,No Te Quieren Conmigo,Gaby Music & Lunay & Luar La L,2024-12-20,2025-04-10,110,4,2025-01-10,21,2,11.86,8.46,0.1057,67.0,83.0,84.0,single,False,252040,1
no_se_ve.mp3 | emilia,No_Se_Ve.mp3,Emilia,2024-11-04,2025-02-09,75,32,2024-11-05,1,2,43.76,4.05,0.1979,0.0,54.0,76.0,album,False,203636,13
no_se_ve.mp3 | emilia & ludmilla & zecca,No_se_ve.mp3,Emilia & LUDMILLA & ZECCA,2024-06-08,2024-11-03,134,13,2024-08-25,78,1,22.27,8.47,0.1056,83.0,88.0,84.0,single,True,203636,1
nochentera | vicco,Nochentera,Vicco,2024-05-18,2025-01-09,156,9,2024-05-27,9,3,20.78,11.33,0.0811,81.0,81.0,75.0,single,False,202184,1
noemú | quevedo,NOEMÚ,Quevedo,2025-11-24,2025-11-27,4,15,2025-11-24,0,0,22.5,4.5,0.1818,61.0,61.0,67.0,album,False,206910,18
nueva era | duki,Nueva Era,Duki,2025-11-03,2025-11-27,25,3,2025-11-08,5,0,10.32,9.44,0.0958,66.0,76.0,83.0,album,True,217547,15
número telefónico | saiko,NÚMERO TELEFÓNICO,SAIKO,2025-04-28,2025-05-09,12,14,2025-04-28,0,0,31.67,10.47,0.0872,61.0,61.0,72.0,album,True,190000,16
oa | anuel aa & quevedo & maluma,OA,Anuel AA & Quevedo & Maluma,2024-10-16,2025-04-27,192,3,2024-11-11,26,2,21.12,13.06,0.0711,72.0,87.0,83.0,single,True,235200,1
obvio | myke towers,OBVIO,Myke Towers,2024-11-25,2024-11-25,1,25,2024-11-25,0,0,25.0,0.0,1.0,0.0,0.0,0.0,album,True,162447,23
offline | young miko,offline,Young Miko,2025-04-07,2025-06-15,69,16,2025-04-09,2,1,34.74,9.79,0.0927,64.0,71.0,81.0,album,True,201935,16
ohnana | kapo,Ohnana,Kapo,2025-07-04,2025-11-27,145,2,2025-08-01,28,2,8.89,7.52,0.1174,71.0,85.0,84.0,single,False,156577,1
omega (feat. ralphie choo) | rosalía,Omega (feat. Ralphie Choo),ROSALÍA,2025-09-27,2025-10-10,14,3,2025-09-27,0,0,25.29,14.66,0.0639,63.0,63.0,73.0,single,False,169500,1
orgullosa de papá | cano,Orgullosa De Papá,Cano,2025-11-01,2025-11-23,6,45,2025-11-16,15,2,47.17,1.77,0.3608,50.0,57.0,59.0,album,False,174174,10
otra noche (feat. darell) | myke towers,OTRA NOCHE (feat. Darell),Myke Towers,2025-08-24,2025-11-16,85,11,2025-09-07,14,0,22.98,7.61,0.1162,0.0,69.0,73.0,album,True,224120,20
otra noche | myke towers & darell,OTRA NOCHE,Myke Towers & Darell,2025-08-20,2025-08-23,4,36,2025-08-23,3,0,39.25,2.05,0.3283,64.0,69.0,69.0,single,True,224120,1
otra oportunidad | myke towers,OTRA OPORTUNIDAD,Myke Towers,2025-08-24,2025-08-24,1,25,2025-08-24,0,0,25.0,0.0,1.0,0.0,0.0,0.0,album,True,169026,20
otro round | myke towers,OTRO ROUND,Myke Towers,2024-11-25,2024-11-25,1,50,2024-11-25,0,0,50.0,0.0,1.0,0.0,0.0,0.0,album,True,134131,23
oye bb | omar montes & nicky jam,Oye BB,Omar Montes & Nicky Jam,2024-11-11,2024-11-11,1,43,2024-11-11,0,0,43.0,0.0,1.0,25.0,25.0,25.0,single,False,147662,1
pa' la vuelta | eladio carrion & morad,PA' LA VUELTA,Eladio Carrion & Morad,2024-08-06,2024-08-06,1,49,2024-08-06,0,0,49.0,0.0,1.0,62.0,62.0,62.0,single,True,224041,1
pacto (feat. bryant myers & dei v) - remix | jay wheeler & anuel aa & hades66,Pacto (feat. Bryant Myers & Dei V) - Remix,Jay Wheeler & Anuel AA & Hades66,2024-07-29,2024-10-06,66,20,2024-08-19,21,2,37.06,9.66,0.0938,0.0,82.0,83.0,single,True,346000,1
pacto (feat. luar la l) | jay wheeler,Pacto (feat. Luar La L),Jay Wheeler,2024-06-01,2024-07-01,31,38,2024-06-22,21,0,43.77,2.62,0.276,69.0,71.0,72.0,album,True,284021,9
pasajero | mora,PASAJERO,Mora,2024-08-30,2024-10-13,45,4,2024-08-30,0,0,27.78,12.32,0.0751,0.0,0.0,83.0,album,False,149538,15
pasaporte | rauw alejandro,Pasaporte,Rauw Alejandro,2025-11-17,2025-11-17,1,43,2025-11-17,0,0,43.0,0.0,1.0,64.0,64.0,64.0,album,False,263451,18
pasaporte | rauw alejandro & mr. naisgai,Pasaporte,Rauw Alejandro & Mr. Naisgai,2025-09-29,2025-09-29,1,49,2025-09-29,0,0,49.0,0.0,1.0,63.0,63.0,63.0,single,False,266787,1
pasiempre | tainy,PASIEMPRE,Tainy,2024-07-02,2024-07-20,19,21,2024-07-05,3,0,34.0,9.1,0.099,73.0,80.0,87.0,album,True,355795,19
passoa | jhayco,Passoa,JHAYCO,2025-09-08,2025-09-27,20,27,2025-09-08,0,0,34.4,6.18,0.1392,53.0,53.0,70.0,album,False,309280,29
passoa | jhayco & kapo,Passoa,JHAYCO & Kapo,2025-08-17,2025-09-07,20,19,2025-08-26,9,1,35.15,6.86,0.1273,70.0,76.0,79.0,single,False,309280,1
paz | morad,Paz,Morad,2024-05-18,2024-05-20,3,44,2024-05-18,0,0,46.0,1.41,0.4142,63.0,63.0,66.0,album,False,186000,19
pedro | jaxomy & agatino romero & raffaella carrà,Pedro,Jaxomy & Agatino Romero & Raffaella Carrà,2025-04-14,2025-05-21,35,14,2025-04-21,7,1,33.63,11.62,0.0793,77.0,85.0,92.0,single,False,144846,1
peligrosa | floyymenor,PELIGROSA,FloyyMenor,2025-07-31,2025-11-27,119,3,2025-09-08,39,1,13.59,12.38,0.0747,77.0,79.0,83.0,album,True,134930,7
penas de antaño | bizarrap & milo j,Penas de Antaño,Bizarrap & Milo j,2024-10-09,2024-10-12,4,44,2024-10-10,1,0,46.5,2.6,0.2779,74.0,76.0,78.0,single,False,201272,5
perdió este culo | bad gyal,Perdió Este Culo,Bad Gyal,2025-01-28,2025-02-24,28,18,2025-01-31,3,0,37.14,8.19,0.1088,62.0,70.0,78.0,album,True,159253,15
perreo lento | chris jedi & gaby music & dei v,PERREO LENTO,Chris Jedi & Gaby Music & Dei V,2025-03-01,2025-03-29,27,28,2025-03-07,6,2,36.41,6.41,0.1349,73.0,74.0,75.0,single,True,156640,5
perro negro | bad bunny,PERRO NEGRO,Bad Bunny,2024-10-14,2025-05-31,195,2,2024-10-17,3,3,11.41,7.8,0.1136,0.0,81.0,89.0,album,True,162767,22
perros&gata$ | nicki nicole & saiko,PERROS&GATA$,Nicki Nicole & SAIKO,2025-07-04,2025-07-07,4,45,2025-07-04,0,0,46.5,2.06,0.3266,65.0,65.0,68.0,single,False,179612,1
"peso pluma: bzrp music sessions, vol. 55 | bizarrap & peso pluma","Peso Pluma: Bzrp Music Sessions, Vol. 55",Bizarrap & Peso Pluma,2024-06-03,2024-07-01,29,2,2024-06-03,0,0,18.21,14.2,0.0658,82.0,82.0,98.0,single,True,188361,1
pide | mora,PIDE,Mora,2024-08-30,2024-09-02,4,15,2024-08-30,0,0,34.25,12.89,0.072,0.0,0.0,75.0,album,True,207903,15
piribiri | jc reyes & pedro calderon,PIRIBIRI,JC Reyes & Pedro Calderon,2024-08-09,2024-09-29,41,37,2024-09-17,39,2,45.22,3.53,0.2207,72.0,75.0,74.0,single,False,176727,1
playa del inglés | quevedo,PLAYA DEL INGLÉS,Quevedo,2024-05-18,2024-12-12,159,15,2024-05-18,0,1,24.31,8.49,0.1053,84.0,84.0,79.0,album,False,237525,16
please please please | sabrina carpenter,Please Please Please,Sabrina Carpenter,2025-06-12,2025-06-20,9,33,2025-06-18,6,0,39.33,3.23,0.2363,83.0,90.0,91.0,single,True,186365,2
polaris - remix | saiko,POLARIS - Remix,SAIKO,2025-04-28,2025-05-09,12,31,2025-04-29,1,0,40.83,6.04,0.1421,53.0,57.0,66.0,album,True,288000,16
polaris - remix | saiko & feid & quevedo,POLARIS - Remix,Saiko & Feid & Quevedo,2024-06-11,2025-04-20,312,1,2024-06-11,0,2,17.16,12.27,0.0754,74.0,74.0,80.0,single,True,288000,1
polaris | saiko,Polaris,Saiko,2024-05-18,2024-06-11,25,22,2024-06-10,23,0,36.16,5.86,0.1457,78.0,78.0,78.0,single,True,192122,3
por atrás | quevedo,POR ATRÁS,Quevedo,2025-11-24,2025-11-27,4,11,2025-11-24,0,0,16.75,3.34,0.2302,62.0,62.0,68.0,album,False,171685,18
potra salvaje - hard remix | isabel aaiún & fernando moreno,Potra Salvaje - Hard Remix,Isabel Aaiún & Fernando Moreno,2025-05-29,2025-09-24,114,3,2025-06-18,20,3,13.99,11.39,0.0807,62.0,68.0,74.0,single,False,342000,1
potra salvaje | isabel aaiún,Potra Salvaje,Isabel Aaiún,2025-07-07,2025-08-28,50,14,2025-07-18,11,3,35.26,8.33,0.1072,59.0,62.0,66.0,album,False,199624,10
privilegios | feid,PRIVILEGIOS,Feid,2024-09-30,2024-10-01,2,46,2024-09-30,0,0,46.0,0.0,1.0,0.0,0.0,0.0,album,False,185840,15
probemas mentales | jzaeb & eix,Probemas Mentales,JZAEB & Eix,2025-03-07,2025-03-07,1,48,2025-03-07,0,0,48.0,0.0,1.0,55.0,55.0,55.0,single,True,229151,1
problemas mentales | jzaeb & eix,Problemas Mentales,JZAEB & Eix,2025-03-20,2025-03-22,2,22,2025-03-22,2,1,22.5,0.5,0.6667,67.0,68.0,68.0,single,True,229151,1
provenza | karol g,PROVENZA,KAROL G,2025-07-25,2025-07-30,6,45,2025-07-26,1,0,47.33,1.8,0.3578,82.0,82.0,82.0,album,False,207626,17
"ptazeta: bzrp music sessions, vol. 45 | paul thin & ruslana","Ptazeta: Bzrp Music Sessions, Vol. 45",Paul Thin & RUSLANA,2025-01-18,2025-01-19,2,42,2025-01-18,0,0,46.0,4.0,0.2,55.0,55.0,59.0,single,False,156973,1
punto g | quevedo,PUNTO G,Quevedo,2024-05-18,2025-01-13,162,23,2024-05-30,12,5,40.61,7.05,0.1242,86.0,86.0,84.0,album,False,151324,16
pólvora | mora,PÓLVORA,Mora,2024-08-30,2024-09-09,11,8,2024-08-30,0,0,32.45,13.2,0.0704,0.0,0.0,81.0,album,True,185326,15
q u e v a s h a c e r h o y ? | omar courtz,Q U E V A S H A C E R H O Y ?,Omar Courtz,2025-09-25,2025-11-27,64,1,2025-10-02,7,0,4.52,6.4,0.1351,66.0,78.0,89.0,album,True,224022,17
qlona | karol g,QLONA,KAROL G,2024-08-19,2025-10-19,342,8,2024-09-14,26,10,26.47,11.83,0.0779,74.0,91.0,85.0,album,True,172797,9
que asco de todo | quevedo,QUE ASCO DE TODO,Quevedo,2025-11-24,2025-11-27,4,19,2025-11-24,0,0,28.75,5.93,0.1443,61.0,61.0,66.0,album,False,190304,18
que me lleve el aire | luis cortés,Que Me Lleve el Aire,Luis Cortés,2025-10-10,2025-10-17,8,42,2025-10-13,3,0,46.38,2.5,0.286,67.0,67.0,67.0,single,False,170172,1
que te vaya bien | rvfv,Que te vaya bien,Rvfv,2024-05-18,2024-06-07,21,26,2024-05-18,0,0,37.9,5.17,0.162,77.0,77.0,77.0,single,False,204960,1
quevedo #49 after hour the mixtape | dj saot st,QUEVEDO #49 AFTER HOUR THE MIXTAPE,DJ Saot ST,2024-06-04,2024-06-04,1,48,2024-06-04,0,0,48.0,0.0,1.0,20.0,20.0,20.0,album,False,120000,49
"quevedo: bzrp music sessions, vol. 52 | bizarrap & quevedo","Quevedo: Bzrp Music Sessions, Vol. 52",Bizarrap & Quevedo,2024-05-18,2025-01-03,133,27,2024-05-29,11,3,36.09,5.82,0.1466,93.0,93.0,87.0,single,False,198937,1
quickie | dei v,Quickie,Dei V,2025-11-19,2025-11-25,7,31,2025-11-23,4,0,42.43,7.65,0.1156,65.0,67.0,68.0,single,True,123673,1
quien es dei v? | dei v,Quien Es Dei V?,Dei V,2024-09-24,2025-04-09,196,10,2024-10-04,10,2,29.04,10.85,0.0844,68.0,76.0,78.0,single,True,162244,1
quizás si quizás no | alvaro diaz & quevedo,QUIZÁS SI QUIZÁS NO,Alvaro Diaz & Quevedo,2024-11-25,2024-12-23,29,13,2024-11-25,0,0,35.17,9.8,0.0926,0.0,0.0,78.0,single,False,203213,1
quién es dei v? | dei v,Quién es Dei V?,Dei V,2025-06-16,2025-06-16,1,50,2025-06-16,0,0,50.0,0.0,1.0,13.0,13.0,13.0,album,True,162244,16
qué pasaría... | rauw alejandro,Qué Pasaría...,Rauw Alejandro,2025-11-17,2025-11-27,11,1,2025-11-17,0,0,4.45,3.89,0.2044,72.0,72.0,86.0,album,True,191018,18
qué pecao | manuel turizo,Qué Pecao,Manuel Turizo,2025-11-24,2025-11-27,4,34,2025-11-24,0,0,39.0,4.53,0.1809,42.0,42.0,55.0,album,False,230080,12
qué pecao | manuel turizo & kapo,Qué Pecao,Manuel Turizo & Kapo,2025-10-06,2025-11-23,49,13,2025-10-13,7,0,19.98,6.55,0.1324,58.0,71.0,77.0,single,False,230073,1
rang€ rov€r | cruz cafuné,rang€ rov€r,Cruz Cafuné,2025-07-21,2025-07-21,1,47,2025-07-21,0,0,47.0,0.0,1.0,53.0,53.0,53.0,single,True,117213,6
rapapa | jc reyes,RAPAPA,JC Reyes,2025-10-20,2025-11-26,38,8,2025-11-01,12,0,22.16,11.61,0.0793,51.0,66.0,71.0,single,False,120888,6
rapeadita love | rels b,Rapeadita LOVE,Rels B,2025-04-28,2025-04-28,1,44,2025-04-28,0,0,44.0,0.0,1.0,65.0,65.0,65.0,album,True,140439,13
rapido (with cris mj) | dei v,Rapido (with Cris Mj),Dei V,2025-06-16,2025-11-27,162,5,2025-08-22,67,3,14.46,8.58,0.1044,26.0,81.0,76.0,album,True,146000,16
rara vez | taiu & milo j,Rara Vez,Taiu & Milo j,2024-05-18,2024-12-13,147,15,2024-05-20,2,4,33.14,9.02,0.0998,92.0,92.0,88.0,single,False,128677,1
"rauw alejandro: bzrp music sessions, vol. 56 | bizarrap & rauw alejandro","Rauw Alejandro: Bzrp Music Sessions, Vol. 56",Bizarrap & Rauw Alejandro,2024-06-24,2024-10-13,111,1,2024-06-24,0,1,23.08,14.48,0.0646,78.0,78.0,83.0,single,True,191254,1
razones | ozuna & anuel aa & mambo kingz,Razones,Ozuna & Anuel AA & Mambo Kingz,2025-06-30,2025-07-05,6,16,2025-06-30,0,0,32.67,12.09,0.0764,61.0,61.0,71.0,single,False,222727,1
real gangsta love | trueno,REAL GANGSTA LOVE,Trueno,2025-06-06,2025-11-16,154,1,2025-06-12,6,3,18.27,14.96,0.0627,75.0,78.0,82.0,album,True,145342,13
reina | mora,REINA,Mora,2024-08-30,2025-04-17,229,1,2024-08-30,0,2,15.49,11.64,0.0791,0.0,0.0,79.0,album,True,211879,15
remember me | duki,Remember Me,Duki,2024-07-19,2024-07-22,4,43,2024-07-19,0,0,45.25,1.79,0.359,59.0,59.0,63.0,album,False,170624,15
remix exclusivo | feid,REMIX EXCLUSIVO,Feid,2024-05-18,2024-06-04,17,43,2024-05-20,2,1,47.18,2.41,0.2935,88.0,88.0,87.0,single,True,206946,1
revolú | rauw alejandro,Revolú,Rauw Alejandro,2025-11-17,2025-11-23,7,10,2025-11-17,0,0,24.43,6.93,0.1262,67.0,67.0,77.0,album,True,215511,18
"ride or die, pt. 2 (with villano antillano & tokischa) | sevdaliza & villano antillano & tokischa","Ride Or Die, Pt. 2 (with Villano Antillano & Tokischa)",Sevdaliza & Villano Antillano & Tokischa,2025-04-26,2025-05-12,5,26,2025-04-27,1,1,40.0,9.27,0.0973,79.0,81.0,86.0,single,True,158728,2
ritmo de medallo | feid,RITMO DE MEDALLO,Feid,2024-09-30,2024-10-01,2,37,2024-09-30,0,0,37.0,0.0,1.0,0.0,0.0,0.0,album,False,118693,15
ritual | myke towers,RITUAL,Myke Towers,2024-11-25,2024-11-25,1,48,2024-11-25,0,0,48.0,0.0,1.0,0.0,0.0,0.0,album,True,154432,23
rko | eladio carrion,RKO,Eladio Carrion,2025-01-21,2025-01-24,4,20,2025-01-21,0,0,38.25,10.92,0.0839,67.0,67.0,73.0,album,True,106666,17
rockin' around the christmas tree | brenda lee,Rockin' Around The Christmas Tree,Brenda Lee,2024-12-24,2024-12-27,4,7,2024-12-25,1,0,19.0,16.25,0.058,98.0,98.0,98.0,album,False,126266,12
rockstar 2.0 | duki,RoCKSTAR 2.0,Duki,2024-06-25,2024-07-02,8,16,2024-06-25,0,0,22.75,8.83,0.1017,67.0,67.0,78.0,album,True,173729,14
rockstar 2.0 | duki & jhayco,RoCKSTAR 2.0,Duki & Jhayco,2024-06-24,2024-06-24,1,14,2024-06-24,0,0,14.0,0.0,1.0,71.0,71.0,71.0,single,True,173729,1
romero santo | dellafuente,Romero Santo,DELLAFUENTE,2025-06-16,2025-06-21,5,31,2025-06-16,0,1,40.6,4.84,0.1712,31.0,31.0,53.0,album,False,191414,10
rompeolas | martin urrutia,rompeolas,Martin Urrutia,2025-04-12,2025-04-18,2,39,2025-04-18,6,1,42.0,3.0,0.25,68.0,69.0,69.0,single,False,162519,1
rosas | la oreja de van gogh,Rosas,La Oreja de Van Gogh,2025-10-17,2025-10-26,10,30,2025-10-19,2,0,42.5,6.5,0.1333,69.0,69.0,69.0,album,False,237026,12
rueda | rvfv,RUEDA,Rvfv,2025-06-02,2025-08-14,70,21,2025-06-19,17,3,40.9,7.18,0.1223,36.0,59.0,66.0,album,False,213120,20
rápido | mora,RÁPIDO,Mora,2024-05-18,2024-05-24,7,41,2024-05-18,0,0,44.0,2.56,0.2806,81.0,81.0,82.0,single,True,182857,1
s91 | karol g,S91,KAROL G,2024-07-16,2024-09-04,49,21,2024-08-13,28,1,35.1,6.72,0.1296,74.0,50.0,80.0,single,False,173005,1
sangre y fe | cruz cafuné,Sangre y Fe,Cruz Cafuné,2024-05-28,2024-06-16,20,6,2024-05-28,0,0,30.65,15.93,0.0591,61.0,61.0,74.0,album,True,231500,23
santa tell me | ariana grande,Santa Tell Me,Ariana Grande,2024-12-25,2024-12-27,3,17,2024-12-25,0,0,25.0,5.66,0.1502,96.0,96.0,96.0,single,False,204093,1
santa | rvssian,Santa,Rvssian,2025-05-22,2025-11-27,188,2,2025-05-22,0,2,13.8,7.52,0.1173,6.0,6.0,83.0,single,False,193038,2
santa | rvssian & rauw alejandro & ayra starr,Santa,Rvssian & Rauw Alejandro & Ayra Starr,2025-04-16,2025-05-21,36,1,2025-04-21,5,0,3.31,5.73,0.1485,74.0,81.0,93.0,single,False,193038,1
se fue | rauw alejandro,Se Fue,Rauw Alejandro,2025-11-17,2025-11-27,11,5,2025-11-17,0,0,13.36,8.33,0.1072,69.0,69.0,80.0,album,False,240179,18
se grita | morad,Se Grita,Morad,2024-07-21,2024-08-05,16,46,2024-07-25,4,0,47.12,1.36,0.4231,84.0,84.0,85.0,album,True,259627,19
se me olvida | maisak & feid,SE ME OLVIDA,Maisak & Feid,2025-08-24,2025-11-16,79,11,2025-09-01,8,2,31.03,9.59,0.0944,0.0,80.0,84.0,single,True,225373,1
se pone las nike | cano,Se Pone Las Nike,Cano,2025-11-06,2025-11-27,22,6,2025-11-14,8,0,15.05,11.27,0.0815,57.0,66.0,72.0,album,False,159375,10
se te nota (feat. peso pluma) | myke towers,SE TE NOTA (feat. Peso Pluma),Myke Towers,2025-08-24,2025-08-25,2,27,2025-08-24,0,0,37.0,10.0,0.0909,0.0,0.0,63.0,album,True,190106,20
seda | bad bunny,SEDA,Bad Bunny,2024-10-14,2025-02-13,119,6,2024-10-14,0,2,25.2,12.78,0.0726,0.0,0.0,83.0,album,True,190476,22
sexesexy | mushkaa,SexeSexy,Mushkaa,2025-03-31,2025-04-13,6,40,2025-03-31,0,2,44.33,2.92,0.2548,40.0,40.0,57.0,album,False,232800,9
sexo desenfrenado | myke towers,SEXO DESENFRENADO,Myke Towers,2025-08-24,2025-08-24,1,45,2025-08-24,0,0,45.0,0.0,1.0,0.0,0.0,0.0,album,True,243360,20
seya | gims,SEYA,GIMS,2024-10-21,2025-02-27,109,21,2024-12-20,60,2,31.04,6.71,0.1297,51.0,73.0,68.0,album,False,188484,21
"shakira: bzrp music sessions, vol. 53 | bizarrap & shakira","Shakira: Bzrp Music Sessions, Vol. 53",Bizarrap & Shakira,2024-05-18,2024-07-18,61,30,2024-05-23,5,1,41.89,5.99,0.1431,95.0,94.0,93.0,single,False,214945,1
shars 2023 | al safir,Shars 2023,Al Safir,2024-11-30,2024-12-01,2,21,2024-11-30,0,0,21.0,0.0,1.0,28.0,28.0,55.0,single,False,163342,1
shibatto | quevedo,SHIBATTO,Quevedo,2025-11-24,2025-11-27,4,3,2025-11-26,2,0,3.75,0.83,0.5467,64.0,69.0,71.0,album,False,138226,18
si antes te hubiera conocido | karol g,Si Antes Te Hubiera Conocido,KAROL G,2025-06-22,2025-11-27,157,1,2025-07-02,10,2,2.44,2.65,0.2736,0.0,87.0,93.0,single,False,195824,1
si la calle llama - remix | eladio carrion,Si La Calle Llama - Remix,Eladio Carrion,2024-05-18,2024-08-29,104,20,2024-05-19,1,0,32.58,6.84,0.1275,87.0,87.0,83.0,album,True,240000,18
si no es contigo | cris mj,SI NO ES CONTIGO,Cris Mj,2025-06-18,2025-09-20,92,31,2025-08-09,52,3,38.6,5.44,0.1554,82.0,89.0,89.0,single,True,156000,1
si no estás | iñigo quintero,Si No Estás,iñigo quintero,2024-09-20,2025-04-03,187,1,2024-09-29,9,6,14.94,15.76,0.0597,60.0,78.0,89.0,single,False,184061,1
si sabe ferxxo | blessd,SI SABE FERXXO,Blessd,2025-01-28,2025-02-28,31,27,2025-02-01,4,1,39.81,6.54,0.1327,68.0,77.0,86.0,album,True,152500,14
"si si si si (feat. eladio carrion, bryant myers, dei v) | the academy: segunda misión","SI SI SI SI (feat. Eladio Carrion, Bryant Myers, Dei V)",The Academy: Segunda Misión,2025-03-31,2025-03-31,1,16,2025-03-31,0,0,16.0,0.0,1.0,42.0,42.0,42.0,album,True,241958,9
"si si si si (feat. eladio carrion, bryant myers, dei v) | the academy: segunda misión & justin quiles & lenny tavárez","SI SI SI SI (feat. Eladio Carrion, Bryant Myers, Dei V)",The Academy: Segunda Misión & Justin Quiles & Lenny Tavárez,2025-04-01,2025-06-08,58,16,2025-04-12,11,2,38.55,10.48,0.0871,64.0,73.0,73.0,album,True,241958,9
si te pegas | rauw alejandro,SI TE PEGAS,Rauw Alejandro,2024-07-09,2024-07-12,4,30,2024-07-09,0,0,36.75,4.6,0.1785,0.0,0.0,77.0,album,True,183652,14
sigo enamorau' | eladio carrion,Sigo Enamorau',Eladio Carrion,2025-01-21,2025-01-21,1,17,2025-01-21,0,0,17.0,0.0,1.0,68.0,68.0,68.0,album,True,194941,17
sin gato (miau!) | rels b,Sin Gato (MIAU!),Rels B,2024-05-28,2024-06-03,3,45,2024-05-28,0,1,47.67,2.05,0.3274,63.0,63.0,74.0,single,False,148800,1
sleigh ride | the ronettes,Sleigh Ride,The Ronettes,2024-12-25,2024-12-27,3,28,2024-12-25,0,0,42.67,10.37,0.0879,84.0,84.0,84.0,album,False,181266,15
snowman | sia,Snowman,Sia,2024-12-25,2024-12-27,3,27,2024-12-25,0,0,37.0,7.07,0.1239,94.0,94.0,94.0,album,False,165900,13
sofi - remix | samueliyo baby & kevin roldan,Sofi - Remix,Samueliyo Baby & KEVIN ROLDAN,2024-12-12,2024-12-14,3,22,2024-12-12,0,0,32.33,7.59,0.1165,67.0,67.0,69.0,single,False,171606,1
solita y sueltaaa | rels b,Solita y SueltAAA,Rels B,2024-07-23,2024-07-25,3,49,2024-07-25,2,0,49.67,0.47,0.6796,64.0,70.0,70.0,album,False,155789,9
soltera | shakira,Soltera,Shakira,2025-09-28,2025-11-27,61,5,2025-10-14,16,0,13.34,8.21,0.1086,65.0,84.0,86.0,single,False,214642,1
sonrisa | eladio carrion,Sonrisa,Eladio Carrion,2025-01-21,2025-01-21,1,16,2025-01-21,0,0,16.0,0.0,1.0,68.0,68.0,68.0,album,True,152380,17
sorry 4 that much | feid,SORRY 4 THAT MUCH,Feid,2025-06-09,2025-07-17,38,9,2025-06-17,8,1,24.26,11.63,0.0792,63.0,77.0,88.0,single,True,207746,1
spanish teteo | rvfv & rels b & omar montes,SPANISH TETEO,Rvfv & Rels B & Omar Montes,2024-09-10,2024-09-11,2,50,2024-09-10,0,0,50.0,0.0,1.0,59.0,59.0,63.0,single,True,181176,1
sport+ rmx | clarent & myke towers,Sport+ RMX,Clarent & Myke Towers,2025-08-15,2025-08-23,9,47,2025-08-17,2,0,48.67,0.94,0.5147,69.0,70.0,71.0,single,True,219813,1
star | jc reyes,STAR,JC Reyes,2025-10-20,2025-11-27,37,7,2025-11-15,26,1,15.51,10.43,0.0875,49.0,71.0,73.0,single,False,156000,6
suano | ntg & amenazzy,Suano,NTG & Amenazzy,2025-05-16,2025-08-09,80,6,2025-06-02,17,2,23.55,12.39,0.0747,69.0,74.0,74.0,single,True,137264,1
supernova | saiko,Supernova,Saiko,2024-05-18,2025-05-03,207,1,2024-05-18,0,7,24.1,15.38,0.061,84.0,84.0,63.0,single,False,190909,1
t'as peur | aya nakamura,T'as peur,Aya Nakamura,2024-05-18,2024-05-21,4,45,2024-05-18,0,0,46.0,1.73,0.366,70.0,70.0,70.0,album,False,215284,15
tacos gucci | anuel aa,Tacos Gucci,Anuel AA,2025-02-18,2025-03-05,13,19,2025-02-22,4,2,34.43,10.31,0.0884,67.0,80.0,84.0,single,True,207157,1
también | myke towers,TAMBIÉN,Myke Towers,2025-08-24,2025-11-27,88,5,2025-10-06,43,1,11.88,9.48,0.0955,0.0,78.0,80.0,album,True,139546,20
tanta droga | eladio carrion,Tanta Droga,Eladio Carrion,2025-01-21,2025-01-21,1,27,2025-01-21,0,0,27.0,0.0,1.0,68.0,68.0,68.0,album,True,248878,17
taste | sabrina carpenter,Taste,Sabrina Carpenter,2025-08-29,2025-09-03,6,47,2025-08-31,2,0,48.67,1.11,0.4749,87.0,90.0,92.0,album,False,157279,12
tattoo | loreen,Tattoo,Loreen,2024-05-18,2024-06-02,16,21,2024-05-18,0,0,37.19,7.72,0.1147,89.0,89.0,93.0,single,False,183374,1
te fallé | quevedo,TE FALLÉ,Quevedo,2025-11-24,2025-11-27,4,17,2025-11-24,0,0,25.25,4.76,0.1735,61.0,61.0,67.0,album,False,219460,18
te menti | ozuna & saiko & ovy on the drums,Te Menti,Ozuna & Saiko & Ovy On The Drums,2024-09-19,2024-09-29,11,38,2024-09-20,1,0,45.45,4.91,0.1693,67.0,69.0,77.0,single,False,187129,1
telefono nuevo | bad bunny,TELEFONO NUEVO,Bad Bunny,2024-10-14,2024-10-28,15,9,2024-10-14,0,0,30.47,14.45,0.0647,0.0,0.0,89.0,album,True,354784,22
tengo un plan | key-key,Tengo Un Plan,Key-Key,2025-04-04,2025-06-11,69,11,2025-04-14,10,0,26.39,11.1,0.0827,68.0,75.0,74.0,single,False,189282,1
thalía - remix | cyril kamer & rvfv & polimá westcoast,Thalía - Remix,Cyril Kamer & Rvfv & Polimá Westcoast,2025-07-18,2025-08-23,34,25,2025-08-04,17,3,37.06,8.13,0.1096,60.0,70.0,72.0,single,False,230857,1
thalía | cyril kamer,Thalía,Cyril Kamer,2025-03-15,2025-06-04,81,9,2025-04-09,25,1,26.77,13.12,0.0708,63.0,75.0,73.0,single,False,183428,1
the code | nemo,The Code,Nemo,2025-05-14,2025-05-18,5,24,2025-05-14,0,0,36.8,10.59,0.0863,74.0,74.0,83.0,single,False,180141,1
the emptiness machine | linkin park,The Emptiness Machine,Linkin Park,2025-09-11,2025-10-02,17,30,2025-09-13,2,2,38.12,6.71,0.1297,86.0,89.0,93.0,single,True,190427,1
thunder y lightning | bad bunny,THUNDER Y LIGHTNING,Bad Bunny,2024-10-14,2024-11-17,35,14,2024-10-14,0,0,31.66,12.8,0.0724,0.0,0.0,86.0,album,True,217133,22
timeless (with playboi carti) | the weeknd & playboi carti,Timeless (with Playboi Carti),The Weeknd & Playboi Carti,2025-09-29,2025-09-29,1,50,2025-09-29,0,0,50.0,0.0,1.0,79.0,79.0,79.0,single,True,256000,1
todo contigo | álvaro de luna,Todo Contigo,Álvaro De Luna,2024-05-18,2024-09-23,129,12,2024-05-18,0,0,30.12,9.13,0.0987,78.0,78.0,77.0,single,False,165527,1
todo lit | eladio carrion,Todo Lit,Eladio Carrion,2025-01-21,2025-01-21,1,23,2025-01-21,0,0,23.0,0.0,1.0,67.0,67.0,67.0,album,True,241951,17
toy en el mic | bizarrap & milo j,Toy en el Mic,Bizarrap & Milo j,2024-10-07,2024-10-13,7,24,2024-10-10,3,0,28.57,5.58,0.152,67.0,78.0,81.0,single,True,137053,5
tqg | karol g,TQG,KAROL G,2024-05-18,2025-08-08,120,9,2024-05-18,0,2,31.98,10.88,0.0842,96.0,96.0,83.0,album,True,197933,17
tqmqa | eladio carrion,TQMQA,Eladio Carrion,2024-12-17,2025-01-26,32,15,2025-01-21,35,2,38.94,8.22,0.1084,67.0,66.0,74.0,single,False,169911,1
tranquila baby | eladio carrion,Tranquila Baby,Eladio Carrion,2025-01-21,2025-01-21,1,32,2025-01-21,0,0,32.0,0.0,1.0,67.0,67.0,67.0,album,True,128000,17
trato de estar bien | duki,Trato De Estar Bien,Duki,2025-11-03,2025-11-09,5,37,2025-11-03,0,1,44.0,3.74,0.2109,59.0,59.0,68.0,album,False,213408,15
trending remix (with myke towers) | dei v,Trending Remix (with Myke Towers),Dei V,2025-03-03,2025-07-20,137,10,2025-03-10,7,3,24.47,10.87,0.0843,76.0,76.0,65.0,single,True,225154,1
tu ritmo | eladio carrion,Tu Ritmo,Eladio Carrion,2025-01-21,2025-01-21,1,21,2025-01-21,0,0,21.0,0.0,1.0,68.0,68.0,68.0,album,True,158446,17
tu silueta | diegote,Tu Silueta,Diegote,2025-07-14,2025-10-28,106,5,2025-07-31,17,1,17.41,12.69,0.073,58.0,76.0,73.0,single,False,170480,1
tu$$i (with dei v) | yovngchimi,TU$$I (with Dei V),YOVNGCHIMI,2025-03-01,2025-08-16,160,11,2025-03-19,18,8,31.98,10.83,0.0845,76.0,77.0,77.0,album,True,163200,16
tuya | rosalía,TUYA,ROSALÍA,2024-06-11,2024-07-18,38,6,2024-06-11,0,0,29.18,13.43,0.0693,72.0,72.0,87.0,single,True,154551,1
tú con él | rauw alejandro,Tú Con Él,Rauw Alejandro,2025-11-17,2025-11-23,7,12,2025-11-17,0,0,24.86,7.55,0.117,69.0,69.0,79.0,album,False,289131,18
un deseo | mora,UN DESEO,Mora,2024-08-30,2024-08-31,2,20,2024-08-30,0,0,31.0,11.0,0.0833,0.0,0.0,69.0,album,True,218883,15
un desperdicio | rels b,Un Desperdicio,Rels B,2025-04-28,2025-05-15,16,29,2025-05-08,10,1,36.69,6.21,0.1387,67.0,81.0,83.0,album,False,223783,13
un preview | bad bunny,UN PREVIEW,Bad Bunny,2024-09-27,2024-11-02,37,1,2024-09-27,0,0,22.41,16.16,0.0583,0.0,0.0,87.0,album,True,165582,22
un rodeoooo | rels b,Un Rodeoooo,Rels B,2024-07-23,2024-09-23,57,36,2024-08-10,18,1,44.42,3.77,0.2095,59.0,76.0,77.0,album,False,136082,9
un x100to | grupo frontera & bad bunny,un x100to,Grupo Frontera & Bad Bunny,2024-05-18,2024-06-14,27,31,2024-05-21,3,1,38.04,6.16,0.1396,99.0,100.0,100.0,single,False,194563,1
una bachata | lola indigo,UNA BACHATA,Lola Indigo,2025-02-04,2025-04-27,77,8,2025-02-04,0,3,29.85,13.03,0.0713,60.0,60.0,73.0,album,False,157846,7
una foto remix (feat. emilia) | mesita & nicki nicole & tiago pzk,Una Foto Remix (feat. Emilia),Mesita & Nicki Nicole & Tiago PZK,2025-01-11,2025-06-15,154,6,2025-02-01,21,2,24.13,16.0,0.0588,77.0,89.0,77.0,single,False,243898,1
una velita | bad bunny,Una Velita,Bad Bunny,2025-09-22,2025-09-27,6,7,2025-09-22,0,0,36.0,13.17,0.0706,72.0,72.0,78.0,single,True,239986,1
underneath the tree | kelly clarkson,Underneath the Tree,Kelly Clarkson,2024-12-25,2024-12-27,3,22,2024-12-25,0,0,34.0,8.49,0.1054,86.0,86.0,86.0,album,False,229640,14
uwaie | kapo,UWAIE,Kapo,2025-08-20,2025-11-27,100,2,2025-08-29,9,0,9.24,8.85,0.1016,69.0,82.0,86.0,single,False,172427,1
vacile | yan block,Vacile,Yan Block,2025-08-15,2025-11-27,105,16,2025-10-17,63,0,22.28,6.5,0.1334,73.0,78.0,78.0,single,True,140239,1
vagabundo | sebastian yatra,VAGABUNDO,Sebastian Yatra,2024-09-24,2024-09-26,3,14,2024-09-24,0,0,18.0,2.83,0.2612,3.0,3.0,44.0,album,False,215600,12
vagabundo | sebastian yatra & manuel turizo & beéle,VAGABUNDO,Sebastian Yatra & Manuel Turizo & Beéle,2024-05-18,2025-10-16,385,3,2024-06-04,17,23,29.09,15.99,0.0589,76.0,86.0,78.0,single,False,215600,1
vampire | olivia rodrigo,vampire,Olivia Rodrigo,2024-07-02,2024-07-02,1,48,2024-07-02,0,0,48.0,0.0,1.0,85.0,85.0,85.0,single,True,219724,1
vente conmigo | feid,VENTE CONMIGO,Feid,2024-08-06,2024-08-12,7,22,2024-08-06,0,0,35.29,12.0,0.0769,71.0,71.0,80.0,single,False,186000,1
vida de rock | duki,Vida De Rock,Duki,2025-11-03,2025-11-10,8,34,2025-11-07,4,0,40.38,5.36,0.1572,62.0,71.0,73.0,album,True,181503,15
vista al mar | quevedo,VISTA AL MAR,Quevedo,2024-05-21,2024-07-29,33,43,2024-05-30,9,2,47.76,2.13,0.3192,83.0,82.0,83.0,album,False,180672,16
volver | tainy,VOLVER,Tainy,2024-07-02,2024-07-02,1,49,2024-07-02,0,0,49.0,0.0,1.0,69.0,69.0,69.0,album,True,185806,19
vou 787 | bad bunny,VOU 787,Bad Bunny,2024-10-14,2024-10-18,5,13,2024-10-14,0,0,27.2,11.6,0.0794,0.0,0.0,85.0,album,True,123643,22
vuelve candy b | bad bunny,VUELVE CANDY B,Bad Bunny,2024-10-14,2024-10-18,5,19,2024-10-14,0,0,32.2,10.78,0.0849,0.0,0.0,83.0,album,True,266171,22
"vvs switch (feat. hades66, luar la l & cdobleta) - remix | pressure 9x19 & anuel aa & yovngchimi","VVS Switch (feat. Hades66, Luar La L & CDobleta) - Remix",Pressure 9X19 & Anuel AA & YOVNGCHIMI,2025-03-17,2025-03-30,13,13,2025-03-17,0,1,31.38,10.77,0.0849,67.0,67.0,79.0,single,True,555071,1
wanda | quevedo,WANDA,Quevedo,2024-05-18,2024-12-07,145,18,2024-05-18,0,1,28.45,7.71,0.1148,87.0,87.0,82.0,album,False,160909,16
we can't be friends (wait for your love) | ariana grande,we can't be friends (wait for your love),Ariana Grande,2025-03-11,2025-03-20,8,31,2025-03-13,2,2,41.5,7.02,0.1247,81.0,87.0,92.0,album,False,228639,13
where she goes | bad bunny,WHERE SHE GOES,Bad Bunny,2024-05-21,2024-10-28,154,1,2024-05-21,0,1,15.88,14.14,0.066,82.0,82.0,85.0,single,True,231704,1
whisky | samuel g & oscar el ruso & aissa,Whisky,Samuel G & Oscar el Ruso & Aissa,2025-07-17,2025-07-31,15,30,2025-07-21,4,0,35.6,4.96,0.1677,65.0,68.0,71.0,single,False,305265,1
wya remix red | j abdiel & de la rose & yan block,WYA REMIX RED,J Abdiel & De La Rose & Yan Block,2025-06-19,2025-11-16,140,22,2025-07-12,23,5,34.96,6.49,0.1335,73.0,80.0,81.0,single,True,321741,1
x'clusivo - remix | gonzy,X'CLUSIVO - REMIX,Gonzy,2025-10-13,2025-11-23,42,21,2025-10-13,0,0,33.36,5.13,0.1631,29.0,29.0,64.0,album,True,208133,18
x'clusivo - remix | gonzy & saiko & arcángel,X'CLUSIVO - REMIX,Gonzy & SAIKO & Arcángel,2025-03-03,2025-10-12,220,1,2025-03-03,0,4,12.77,9.34,0.0967,66.0,66.0,74.0,single,True,208133,1
x'clusivo | gonzy,X'CLUSIVO,Gonzy,2025-01-31,2025-03-09,38,3,2025-03-02,30,0,17.69,13.57,0.0686,72.0,81.0,79.0,single,True,175586,1
xxx_rosario_xxx | saiko,Xxx_Rosario_xxX,Saiko,2024-12-24,2025-01-05,13,23,2024-12-24,0,0,34.54,5.76,0.1479,58.0,58.0,71.0,album,True,188936,7
ya es navidad popurrí: ya es navidad- zúmbale a la pandereta - ya vienen los reyes magos - arre borriquito - ya es navidad | raya real,Ya es Navidad Popurrí: Ya es Navidad- Zúmbale a la pandereta - Ya vienen los Reyes Magos - Arre Borriquito - Ya es Navidad,Raya Real,2024-12-25,2024-12-25,1,34,2024-12-25,0,0,34.0,0.0,1.0,50.0,50.0,50.0,album,False,262144,9
yandel 150 | yandel,Yandel 150,Yandel,2024-05-18,2024-09-23,125,10,2024-05-18,0,1,26.38,9.48,0.0954,90.0,90.0,84.0,album,True,216148,17
yankee 150 | yandel & feid & daddy yankee,Yankee 150,Yandel & Feid & Daddy Yankee,2024-06-18,2024-06-18,1,46,2024-06-18,0,0,46.0,0.0,1.0,68.0,68.0,68.0,single,True,242667,1
"yes, and? | ariana grande","yes, and?",Ariana Grande,2025-01-14,2025-01-20,7,30,2025-01-18,4,0,35.43,2.97,0.2519,85.0,93.0,94.0,single,True,214994,1
yo lo soñé | saiko,YO LO SOÑÉ,SAIKO,2025-04-28,2025-08-16,109,1,2025-04-30,2,2,24.06,15.01,0.0624,56.0,65.0,67.0,album,False,175456,16
yo lo soñé | saiko & omar montes,YO LO SOÑÉ,SAIKO & Omar Montes,2025-04-19,2025-04-27,9,2,2025-04-25,6,0,5.0,2.49,0.2862,60.0,72.0,75.0,single,False,175456,1
yo sé | yan block & torrres,Yo sé,Yan Block & TORRRES,2025-11-01,2025-11-27,26,8,2025-11-22,21,1,22.38,12.09,0.0764,69.0,75.0,76.0,single,True,129705,1
yo tengo un novio | lola indigo,YO TENGO UN NOVIO,Lola Indigo,2024-12-17,2024-12-24,8,18,2024-12-21,4,0,32.88,13.25,0.0702,55.0,61.0,63.0,album,False,144424,7
yotuloko | omar montes & rels b,YOTULOKO,Omar Montes & Rels B,2025-07-14,2025-11-05,114,22,2025-07-27,13,1,32.52,6.6,0.1316,57.0,73.0,72.0,single,False,213699,1
"young miko: bzrp music sessions, vol. 58 | bizarrap & young miko","Young Miko: Bzrp Music Sessions, Vol. 58",Bizarrap & Young Miko,2025-01-13,2025-04-26,101,1,2025-01-13,0,3,17.43,15.94,0.059,76.0,76.0,86.0,single,False,187172,1
zorra | nebulossa,ZORRA,Nebulossa,2025-02-05,2025-05-18,21,8,2025-02-05,0,1,26.76,14.66,0.0638,67.0,67.0,74.0,single,True,183577,1
